INSERT INTO movies (title, description, duration, image_path) VALUES('Shrek', 'Shrek, a solitary ogre, is angered when fairy tale creatures are sent to live in his swamp ordered by Lord Farquaad. He befriends a talking donkey named Donkey, and they set off to meet with Farquaad. The lord needs Princess Fiona to marry him so he will become the king of Duloc. When Shrek and Donkey visit him, they are forced to rescue her from an enormous fire-breathing Dragon in exchange for Shrek''s swamp being vacated. The Dragon turns out to be female, and after a minute or two falls in love with Donkey.Donkey, Shrek and Fiona escape, and Dragon chases them. Once Shrek and Donkey rescue Fiona, they take her back to Lord Farquaad. Along the way, Shrek begins to fall in love with Fiona. Donkey finds out from Fiona that she is cursed and turns into an ogre at night. The only way the curse can be broken is by true love''s first kiss. Fiona and Farquaad have a marriage ceremony, but they are interrupted by Shrek, who tells Fiona he loves her.Donkey and Dragon enter, and Dragon eats Farquaad. Shrek and Fiona kiss, and Fiona is permanently turned into an ogre. Shrek gets his swamp back, and the two marry there. After a karaoke party the newlyweds set off on their honeymoon.', 95, 'https://vignette.wikia.nocookie.net/shrek/images/7/7c/Shrek_Poster_02.jpg/revision/latest?cb=20150119045951');
INSERT INTO movies (title, description, duration, image_path) VALUES('Shrek 2', 'The second film opens with Prince Charming on a quest to rescue Princess Fiona from the Dragon. When he gets there, he finds the wolf from Little Red Riding Hood and The Three Little Pigs in Fiona''s bed. He asks the wolf where Fiona is and the wolf tells him that she is on her honeymoon with Shrek. Once Shrek and Fiona return from their honeymoon, they find Donkey in the swamp who tells them he and Dragon are going through a rough patch. They then get invited to the land of Far Far Away by Fiona''s parents and who want to bless their marriage.When they arrive, Shrek and Fiona are not what they expected. The Fairy Godmother and her son, Prince Charming, are trying to break up Shrek''s marriage by making Fiona fall in love with Prince Charming. However it does not work and Shrek and Fiona stay together. Shrek and Donkey get a new sidekick called Puss in Boots. They have a lengthy quest to search the Fairy Godmother''s cottage to get a love potion. Shrek and Donkey drink the potion and they become something quite unexpected. Shrek becomes human and Donkey becomes a horse. Since Shrek drank the potion, it also affected Fiona as she woke up to seeing her human form once again.At the end of the film, King Harold reverts to a frog after being struck with the Fairy Godmother''s magic, and gives Shrek and Fiona his blessing. After Fiona tells Shrek she loves him just the way he is, they revert to ogres.', 105, 'https://vignette.wikia.nocookie.net/shrek/images/0/0a/Shrek2.jpg/revision/latest?cb=20150119043848');
INSERT INTO movies (title, description, duration, image_path) VALUES('Shrek the Third', 'Shrek and Fiona are reluctantly reigning over Far, Far Away during King Harold''s prolonged illness. The King promises that if they can find Fiona''s cousin Artie, he will make him the next in line, so both Shrek and Fiona would not have to run the country after his death. As Shrek, Donkey and Puss set off to find Artie, Fiona reveals she is pregnant.Shrek is shocked as he believes he will not be a good father and will ruin his child''s life. This is reinforced by his relationship with his own father, where "he tried to eat me." After finding Artie, Artie is frightened of being king, and they end up on an island where they meet Artie''s former magic teacher, Merlin. Meanwhile, Charming plots to overthrow Artie and become king, but this is foiled by Shrek.The film ends with Shrek and Fiona caring for their newborn ogre triplets.', 93, 'https://vignette.wikia.nocookie.net/shrek/images/2/2f/Shrek3.jpg/revision/latest?cb=20150119044013');
INSERT INTO movies (title, description, duration, image_path) VALUES('Shrek Forever After', 'Shrek has become a domesticated family man, living happily with Princess Fiona and the triplets. Instead of scaring villagers away like he used to, a reluctant Shrek now agrees to autograph pitchforks. Longing for the days when he felt like a "real ogre", Shrek is tricked into signing a pact with the smooth-talking dealmaker Rumpelstiltskin. He agrees to trade a day from his childhood in exchange for a day to exist as a real ogre again. However, Shrek suddenly finds himself in a twisted, alternate reality where ogres are hunted, Rumplestiltskin is king, Puss is obese, and Shrek has never met Donkey or Fiona. Shrek discovers he unknowingly traded the day he was born and will not exist after the day is over.Shrek becomes entangled with an underground resistance of ogres led by Fiona. Rumpelstiltskin places a bounty on Shrek''s capture, offering the "deal of a lifetime" as a reward. The Pied Piper captures most of the resistance excluding Shrek and Fiona. Shrek, unable to win Fiona''s affection, turns himself in and offers to trade his life to free the captured ogres. The recently released ogres go back to free Shrek and Fiona. As the twenty-four hours are almost up and Shrek lies dying, Fiona kisses him, breaking the deal and reverting everything back to normal. After finding himself back at his triplets'' birthday party where he previously lost his temper and stormed out, he joyfully reunites with family and friends realizing he has everything he ever wanted.', 93, 'https://i.pinimg.com/originals/38/12/94/381294c14aab4be8aeac07448a0efa46.jpg');
INSERT INTO movies (title, description, duration, image_path) VALUES('Puss in Boots', 'Puss in Boots is an anthropomorphic talking cat, who is named for his signature pair of boots. A fugitive on the run from the law, Puss is seeking to restore his lost honor. He learns that the outlaw couple Jack and Jill have the magic beans he has been looking for most of his life, which can lead him to a giant''s castle. The castle holds valuable golden goose eggs. When Puss tries to steal them from the outlaws'' room, a ruthless hitcat that was hired by Jack and Jill to kill him interrupts, and both fail. The hitcat turns out to be a female cat named Kitty Softpaws and is allied with Humpty Alexander Dumpty, a friendly talking egg and Puss'' long-estranged childhood friend from the orphanage where he was raised. Puss tells Kitty his origin story and of his feelings of betrayal for a youthful misadventure when Humpty tricked Puss into helping commit a bank robbery in his hometown of San Ricardo; Puss has been on the run ever since. Humpty eventually convinces Puss to join them in finding the beans and retrieving the golden eggs.', 96, 'https://vignette.wikia.nocookie.net/shrek/images/e/e7/Puss_in_Boots_poster.jpg/revision/latest?cb=20150119042959');
INSERT INTO movies (title, description, duration, image_path) VALUES('Shrek the Halls', 'The story begins with Donkey (Eddie Murphy) reminding Shrek (Mike Myers) about Christmas all the time, which bothers him. He soon realizes that his wife Fiona (Cameron Diaz) enjoys celebrating Christmas, so Shrek tries to make one. However, Shrek doesn''t know what Christmas is at first and goes to a bookstore and receives a book titled Christmas for Village Idiots (a parody of the Books for Dummies series). He follows the steps of the book, but everything keeps going wrong when Donkey and the rest of his friends unintentionally wreck Shrek''s swamp. They won''t let Shrek read a story and improvise as they go along, they change his decorations, and ruin Shrek''s supper. They find out about the book, but Shrek kicks them out. Fiona, upset, leaves with the ogre triplets. Shrek tells Donkey and the rest of his friends that he''s sorry for losing his temper. After comforting Shrek in their outhouse, Shrek goes to catch up with the gang to apologize and they learn that Shrek never had a Christmas and doesn''t quite understand it as he never really heard of it before. Shrek then reads a story (rendering of "Twas the Night Before Christmas") to everyone about Ogre Claus, who gives joy and cheer everywhere. They then all see Santa fly by the swamp lighting the moon with ogre ears like Shrek''s; however, Gingy runs back inside screaming as he is terrified of Santa (due to him eating his girlfriend Suzy).', 22, 'https://zombiesinmyblog.com/wp-content/uploads/2013/01/Shrek-the-Halls-v1.jpg');
INSERT INTO movies (title, description, duration, image_path) VALUES('Scared Shrekless', 'Halloween is Shrek''s favorite holiday, and this year he is planning a night of frights — all done ogre-style. Instead of the usual tricks or treats, Shrek challenges Donkey, Puss in Boots and the other fairy tale creatures to spend the night in Lord Farquaad''s abandoned castle of Duloc, while telling scary stories. The last one to be scared "Shrekless" wins, and is crowned King of Halloween.', 24, 'https://m.media-amazon.com/images/M/MV5BNjk5YWQwOGItNDE4NC00MDhjLWFhNmMtMDEzOGM4NDE2ZjRmXkEyXkFqcGdeQXVyNDgyODgxNjE@._V1_.jpg');
INSERT INTO movies (title, description, duration, image_path) VALUES('Far Far Away Idol', 'When Donkey and Puss are still singing, Shrek and Fiona come walking towards them. Gingy asks if they wanna quit because it''s giving him a headache. Fiona says that they are actually "not that bad". Simon answers that they should take that as a compliment, but says he has seen better. Shrek answers that the competition hasn''t started yet, but Simon replies with that it is just the way he is. Shrek asks if everyone is ready for a competition. The watcher has the option to vote for who they want to win.', 6, 'https://fwcdn.pl/fpo/66/56/206656/7664778.3.jpg');
INSERT INTO movies (title, description, duration, image_path) VALUES('Donkey''s Christmas Shrektacular', 'This short animation film takes place in the Happy Apple, the friendly version of the Poison Apple. Donkey (Eddie Murphy) suggests everyone sing Christmas carols. Donkey sings "It''s the Most Wonderful Time", Shrek (Mike Myers), Princess Fiona (Cameron Diaz), the Ogre children, and army of ogres sing an ogre version of "Jingle Bells" (containing lyrics such as "Bug Cocoon, Lick the spoon. Try our cricket slurp"). Puss in Boots (Antonio Banderas) sings "Feliz Navidad" in a new rendition titled "Fleas Navidad". In the finale, everyone sings "Jingle Bell Rock", dubbed as "Fairy Tale Rock".', 8, 'https://www.mobygames.com/images/covers/l/490680-donkey-s-christmas-shrektacular-windows-front-cover.png');
INSERT INTO movies (title, description, duration, image_path) VALUES('Shrek''s Yule Log', 'Shrek''s Yule Log is a 30-minute short released on December 7, 2010, featured on the Donkey''s Christmas Shrektacular DVD.The short takes place inside Shrek''s house, with the fireplace as the only place seen throughout the entire short. Shrek prevents Rumpelstiltskin from dousing the fire, Donkey does the same eye gag (seen from Shrek Forever After), Princess Fiona puts out cookies for Santa, and Puss puts on weight from cookies and cookie dough. Other characters such as Gingy, Pinocchio, the Three Little Pigs, Cookie, the Ogre Triplets, the Dronkeys, and Pied Piper appear.', 29, 'https://image.tmdb.org/t/p/w500/z9EENaDvmHDHXaNdhJYDBTvXuWo.jpg');
INSERT INTO movies (title, description, duration, image_path) VALUES('Thriller Night', 'The special starts with Shrek (Michael Gough) bursting out of a movie theater angrily, followed by everyone else, including Princess Fiona (Holly Fields), Puss in Boots (André Sogliuzzo), and Donkey (Dean Edwards), who are all fine. Fiona checks if Shrek is all right and he replies that he actually wanted to see something scary because it is Halloween.', 6, 'https://vignette.wikia.nocookie.net/shrek/images/a/a4/Thriller_Night_2011_title_card.png/revision/latest?cb=20120125012455');
INSERT INTO movies (title, description, duration, image_path) VALUES('The Pig Who Cried Werewolf', 'The Three Little Pigs are named Heimlich (Sean Bishop), Dieter (Sean Bishop), and Horst (Cody Cameron) are heading home from the hospital where Heimlich got his leg hurt from spying on neighbors, like the Poor Lady and the Shoe and Jack and Jill (not to be confused with the outlaws Jack and Jill). When they arrived at home, Heimlich saw that there''s a new neighbor: The Big Bad Wolf (Aron Warner). When the bag falls down, Heimlich, spying on Big Bad Wolf, saw that Big Bad Wolf has a box of knives, but Dieter and Horst didn''t see it. Big Bad Wolf then buries the knives in the ground and goes into his house.', 6, 'https://m.media-amazon.com/images/M/MV5BMDc5NDAwNzctYzQ2Zi00MDRmLTkxYjYtNzIwMzcwNDc4NWUzXkEyXkFqcGdeQXVyMzY3MDEzMTA@._V1_.jpg');
INSERT INTO movies (title, description, duration, image_path) VALUES('Puss in Boots: The Three Diablos', 'After the events of Puss In Boots, Puss is riding his horse through the desert when he is captured by Spanish knights. He is then taken to Princess Alexandra Belagomba, whose "Heart of Fire" Ruby, the crown jewel of her kingdom, is missing. At first, Puss believes he is being wrongfully charged for the theft, but it later turns out that the Princess only wants to hire him based on his reputation. She reveals that a thief called "The Whisperer" stole the heart and that they captured three of his henchmen. The henchmen turn out to be three kittens called the Three Diablos. Though Puss cannot believe that such innocent creatures could be thieves, the princess and her guards are terrified of them. The kittens kindly agree to help Puss on the promise that they will be free if they return the ruby.', 13, 'https://m.media-amazon.com/images/M/MV5BMDM2ZDg1ZmQtYjM0ZC00Yzg3LWE2NmMtNGQwMzUxNTUwMjZmXkEyXkFqcGdeQXVyNjIzODI5OTQ@._V1_.jpg');

INSERT INTO halls (id) VALUES(1);
INSERT INTO halls (id) VALUES(2);
INSERT INTO halls (id) VALUES(3);
INSERT INTO halls (id) VALUES(4);
INSERT INTO halls (id) VALUES(5);
INSERT INTO halls (id) VALUES(6);
INSERT INTO halls (id) VALUES(7);
INSERT INTO halls (id) VALUES(8);
INSERT INTO halls (id) VALUES(9);
INSERT INTO halls (id) VALUES(10);

INSERT INTO `seats` (`hall_id`,`seat_row`,`seat_column`) VALUES ('1','1','1'),('1','2','1'),('1','3','1'),('1','4','1'),('1','5','1'),('1','6','1'),('1','7','1'),('1','8','1'),('1','9','1'),('1','10','1');
INSERT INTO `seats` (`hall_id`,`seat_row`,`seat_column`) VALUES ('1','1','2'),('1','2','2'),('1','3','2'),('1','4','2'),('1','5','2'),('1','6','2'),('1','7','2'),('1','8','2'),('1','9','2'),('1','10','2');
INSERT INTO `seats` (`hall_id`,`seat_row`,`seat_column`) VALUES ('1','1','3'),('1','2','3'),('1','3','3'),('1','4','3'),('1','5','3'),('1','6','3'),('1','7','3'),('1','8','3'),('1','9','3'),('1','10','3');
INSERT INTO `seats` (`hall_id`,`seat_row`,`seat_column`) VALUES ('1','1','4'),('1','2','4'),('1','3','4'),('1','4','4'),('1','5','4'),('1','6','4'),('1','7','4'),('1','8','4'),('1','9','4'),('1','10','4');
INSERT INTO `seats` (`hall_id`,`seat_row`,`seat_column`) VALUES ('1','1','5'),('1','2','5'),('1','3','5'),('1','4','5'),('1','5','5'),('1','6','5'),('1','7','5'),('1','8','5'),('1','9','5'),('1','10','5');
INSERT INTO `seats` (`hall_id`,`seat_row`,`seat_column`) VALUES ('2','1','1'),('2','2','1'),('2','3','1'),('2','4','1'),('2','5','1'),('2','6','1'),('2','7','1'),('2','8','1'),('2','9','1'),('2','10','1');
INSERT INTO `seats` (`hall_id`,`seat_row`,`seat_column`) VALUES ('2','1','2'),('2','2','2'),('2','3','2'),('2','4','2'),('2','5','2'),('2','6','2'),('2','7','2'),('2','8','2'),('2','9','2'),('2','10','2');
INSERT INTO `seats` (`hall_id`,`seat_row`,`seat_column`) VALUES ('2','1','3'),('2','2','3'),('2','3','3'),('2','4','3'),('2','5','3'),('2','6','3'),('2','7','3'),('2','8','3'),('2','9','3'),('2','10','3');
INSERT INTO `seats` (`hall_id`,`seat_row`,`seat_column`) VALUES ('2','1','4'),('2','2','4'),('2','3','4'),('2','4','4'),('2','5','4'),('2','6','4'),('2','7','4'),('2','8','4'),('2','9','4'),('2','10','4');
INSERT INTO `seats` (`hall_id`,`seat_row`,`seat_column`) VALUES ('2','1','5'),('2','2','5'),('2','3','5'),('2','4','5'),('2','5','5'),('2','6','5'),('2','7','5'),('2','8','5'),('2','9','5'),('2','10','5');
INSERT INTO `seats` (`hall_id`,`seat_row`,`seat_column`) VALUES ('3','1','1'),('3','2','1'),('3','3','1'),('3','4','1'),('3','5','1'),('3','6','1'),('3','7','1'),('3','8','1'),('3','9','1'),('3','10','1');
INSERT INTO `seats` (`hall_id`,`seat_row`,`seat_column`) VALUES ('3','1','2'),('3','2','2'),('3','3','2'),('3','4','2'),('3','5','2'),('3','6','2'),('3','7','2'),('3','8','2'),('3','9','2'),('3','10','2');
INSERT INTO `seats` (`hall_id`,`seat_row`,`seat_column`) VALUES ('3','1','3'),('3','2','3'),('3','3','3'),('3','4','3'),('3','5','3'),('3','6','3'),('3','7','3'),('3','8','3'),('3','9','3'),('3','10','3');
INSERT INTO `seats` (`hall_id`,`seat_row`,`seat_column`) VALUES ('3','1','4'),('3','2','4'),('3','3','4'),('3','4','4'),('3','5','4'),('3','6','4'),('3','7','4'),('3','8','4'),('3','9','4'),('3','10','4');
INSERT INTO `seats` (`hall_id`,`seat_row`,`seat_column`) VALUES ('3','1','5'),('3','2','5'),('3','3','5'),('3','4','5'),('3','5','5'),('3','6','5'),('3','7','5'),('3','8','5'),('3','9','5'),('3','10','5');
INSERT INTO `seats` (`hall_id`,`seat_row`,`seat_column`) VALUES ('4','1','1'),('4','2','1'),('4','3','1'),('4','4','1'),('4','5','1'),('4','6','1'),('4','7','1'),('4','8','1'),('4','9','1'),('4','10','1');
INSERT INTO `seats` (`hall_id`,`seat_row`,`seat_column`) VALUES ('4','1','2'),('4','2','2'),('4','3','2'),('4','4','2'),('4','5','2'),('4','6','2'),('4','7','2'),('4','8','2'),('4','9','2'),('4','10','2');
INSERT INTO `seats` (`hall_id`,`seat_row`,`seat_column`) VALUES ('4','1','3'),('4','2','3'),('4','3','3'),('4','4','3'),('4','5','3'),('4','6','3'),('4','7','3'),('4','8','3'),('4','9','3'),('4','10','3');
INSERT INTO `seats` (`hall_id`,`seat_row`,`seat_column`) VALUES ('4','1','4'),('4','2','4'),('4','3','4'),('4','4','4'),('4','5','4'),('4','6','4'),('4','7','4'),('4','8','4'),('4','9','4'),('4','10','4');
INSERT INTO `seats` (`hall_id`,`seat_row`,`seat_column`) VALUES ('4','1','5'),('4','2','5'),('4','3','5'),('4','4','5'),('4','5','5'),('4','6','5'),('4','7','5'),('4','8','5'),('4','9','5'),('4','10','5');
INSERT INTO `seats` (`hall_id`,`seat_row`,`seat_column`) VALUES ('5','1','1'),('5','2','1'),('5','3','1'),('5','4','1'),('5','5','1'),('5','6','1'),('5','7','1'),('5','8','1'),('5','9','1'),('5','10','1');
INSERT INTO `seats` (`hall_id`,`seat_row`,`seat_column`) VALUES ('5','1','2'),('5','2','2'),('5','3','2'),('5','4','2'),('5','5','2'),('5','6','2'),('5','7','2'),('5','8','2'),('5','9','2'),('5','10','2');
INSERT INTO `seats` (`hall_id`,`seat_row`,`seat_column`) VALUES ('5','1','3'),('5','2','3'),('5','3','3'),('5','4','3'),('5','5','3'),('5','6','3'),('5','7','3'),('5','8','3'),('5','9','3'),('5','10','3');
INSERT INTO `seats` (`hall_id`,`seat_row`,`seat_column`) VALUES ('5','1','4'),('5','2','4'),('5','3','4'),('5','4','4'),('5','5','4'),('5','6','4'),('5','7','4'),('5','8','4'),('5','9','4'),('5','10','4');
INSERT INTO `seats` (`hall_id`,`seat_row`,`seat_column`) VALUES ('5','1','5'),('5','2','5'),('5','3','5'),('5','4','5'),('5','5','5'),('5','6','5'),('5','7','5'),('5','8','5'),('5','9','5'),('5','10','5');
INSERT INTO `seats` (`hall_id`,`seat_row`,`seat_column`) VALUES ('6','1','1'),('6','2','1'),('6','3','1'),('6','4','1'),('6','5','1'),('6','6','1'),('6','7','1'),('6','8','1'),('6','9','1'),('6','10','1');
INSERT INTO `seats` (`hall_id`,`seat_row`,`seat_column`) VALUES ('6','1','2'),('6','2','2'),('6','3','2'),('6','4','2'),('6','5','2'),('6','6','2'),('6','7','2'),('6','8','2'),('6','9','2'),('6','10','2');
INSERT INTO `seats` (`hall_id`,`seat_row`,`seat_column`) VALUES ('6','1','3'),('6','2','3'),('6','3','3'),('6','4','3'),('6','5','3'),('6','6','3'),('6','7','3'),('6','8','3'),('6','9','3'),('6','10','3');
INSERT INTO `seats` (`hall_id`,`seat_row`,`seat_column`) VALUES ('6','1','4'),('6','2','4'),('6','3','4'),('6','4','4'),('6','5','4'),('6','6','4'),('6','7','4'),('6','8','4'),('6','9','4'),('6','10','4');
INSERT INTO `seats` (`hall_id`,`seat_row`,`seat_column`) VALUES ('6','1','5'),('6','2','5'),('6','3','5'),('6','4','5'),('6','5','5'),('6','6','5'),('6','7','5'),('6','8','5'),('6','9','5'),('6','10','5');
INSERT INTO `seats` (`hall_id`,`seat_row`,`seat_column`) VALUES ('7','1','1'),('7','2','1'),('7','3','1'),('7','4','1'),('7','5','1'),('7','6','1'),('7','7','1'),('7','8','1'),('7','9','1'),('7','10','1');
INSERT INTO `seats` (`hall_id`,`seat_row`,`seat_column`) VALUES ('7','1','2'),('7','2','2'),('7','3','2'),('7','4','2'),('7','5','2'),('7','6','2'),('7','7','2'),('7','8','2'),('7','9','2'),('7','10','2');
INSERT INTO `seats` (`hall_id`,`seat_row`,`seat_column`) VALUES ('7','1','3'),('7','2','3'),('7','3','3'),('7','4','3'),('7','5','3'),('7','6','3'),('7','7','3'),('7','8','3'),('7','9','3'),('7','10','3');
INSERT INTO `seats` (`hall_id`,`seat_row`,`seat_column`) VALUES ('7','1','4'),('7','2','4'),('7','3','4'),('7','4','4'),('7','5','4'),('7','6','4'),('7','7','4'),('7','8','4'),('7','9','4'),('7','10','4');
INSERT INTO `seats` (`hall_id`,`seat_row`,`seat_column`) VALUES ('7','1','5'),('7','2','5'),('7','3','5'),('7','4','5'),('7','5','5'),('7','6','5'),('7','7','5'),('7','8','5'),('7','9','5'),('7','10','5');
INSERT INTO `seats` (`hall_id`,`seat_row`,`seat_column`) VALUES ('8','1','1'),('8','2','1'),('8','3','1'),('8','4','1'),('8','5','1'),('8','6','1'),('8','7','1'),('8','8','1'),('8','9','1'),('8','10','1');
INSERT INTO `seats` (`hall_id`,`seat_row`,`seat_column`) VALUES ('8','1','2'),('8','2','2'),('8','3','2'),('8','4','2'),('8','5','2'),('8','6','2'),('8','7','2'),('8','8','2'),('8','9','2'),('8','10','2');
INSERT INTO `seats` (`hall_id`,`seat_row`,`seat_column`) VALUES ('8','1','3'),('8','2','3'),('8','3','3'),('8','4','3'),('8','5','3'),('8','6','3'),('8','7','3'),('8','8','3'),('8','9','3'),('8','10','3');
INSERT INTO `seats` (`hall_id`,`seat_row`,`seat_column`) VALUES ('8','1','4'),('8','2','4'),('8','3','4'),('8','4','4'),('8','5','4'),('8','6','4'),('8','7','4'),('8','8','4'),('8','9','4'),('8','10','4');
INSERT INTO `seats` (`hall_id`,`seat_row`,`seat_column`) VALUES ('8','1','5'),('8','2','5'),('8','3','5'),('8','4','5'),('8','5','5'),('8','6','5'),('8','7','5'),('8','8','5'),('8','9','5'),('8','10','5');
INSERT INTO `seats` (`hall_id`,`seat_row`,`seat_column`) VALUES ('9','1','1'),('9','2','1'),('9','3','1'),('9','4','1'),('9','5','1'),('9','6','1'),('9','7','1'),('9','8','1'),('9','9','1'),('9','10','1');
INSERT INTO `seats` (`hall_id`,`seat_row`,`seat_column`) VALUES ('9','1','2'),('9','2','2'),('9','3','2'),('9','4','2'),('9','5','2'),('9','6','2'),('9','7','2'),('9','8','2'),('9','9','2'),('9','10','2');
INSERT INTO `seats` (`hall_id`,`seat_row`,`seat_column`) VALUES ('9','1','3'),('9','2','3'),('9','3','3'),('9','4','3'),('9','5','3'),('9','6','3'),('9','7','3'),('9','8','3'),('9','9','3'),('9','10','3');
INSERT INTO `seats` (`hall_id`,`seat_row`,`seat_column`) VALUES ('9','1','4'),('9','2','4'),('9','3','4'),('9','4','4'),('9','5','4'),('9','6','4'),('9','7','4'),('9','8','4'),('9','9','4'),('9','10','4');
INSERT INTO `seats` (`hall_id`,`seat_row`,`seat_column`) VALUES ('9','1','5'),('9','2','5'),('9','3','5'),('9','4','5'),('9','5','5'),('9','6','5'),('9','7','5'),('9','8','5'),('9','9','5'),('9','10','5');
INSERT INTO `seats` (`hall_id`,`seat_row`,`seat_column`) VALUES ('10','1','1'),('10','2','1'),('10','3','1'),('10','4','1'),('10','5','1'),('10','6','1'),('10','7','1'),('10','8','1'),('10','9','1'),('10','10','1');
INSERT INTO `seats` (`hall_id`,`seat_row`,`seat_column`) VALUES ('10','1','2'),('10','2','2'),('10','3','2'),('10','4','2'),('10','5','2'),('10','6','2'),('10','7','2'),('10','8','2'),('10','9','2'),('10','10','2');
INSERT INTO `seats` (`hall_id`,`seat_row`,`seat_column`) VALUES ('10','1','3'),('10','2','3'),('10','3','3'),('10','4','3'),('10','5','3'),('10','6','3'),('10','7','3'),('10','8','3'),('10','9','3'),('10','10','3');
INSERT INTO `seats` (`hall_id`,`seat_row`,`seat_column`) VALUES ('10','1','4'),('10','2','4'),('10','3','4'),('10','4','4'),('10','5','4'),('10','6','4'),('10','7','4'),('10','8','4'),('10','9','4'),('10','10','4');
INSERT INTO `seats` (`hall_id`,`seat_row`,`seat_column`) VALUES ('10','1','5'),('10','2','5'),('10','3','5'),('10','4','5'),('10','5','5'),('10','6','5'),('10','7','5'),('10','8','5'),('10','9','5'),('10','10','5');

INSERT INTO `screenings` (`movie_id`,`hall_id`,`begin_time`,`price`) VALUES (3,9,'2020-04-11 07:44:56','60.50'),(9,3,'2020-08-07 02:21:02','5.99'),(5,6,'2020-05-16 21:06:30','12.51'),(13,7,'2020-07-04 00:04:28','12.34'),(1,6,'2020-07-20 23:55:58','45.99'),(2,4,'2020-07-07 18:04:49','78.99'),(12,7,'2020-01-12 07:19:27','10.01'),(8,7,'2020-06-05 05:33:58','30.50'),(11,5,'2020-04-23 00:10:17','0.50'),(7,7,'2020-07-13 10:06:23','18.90');
INSERT INTO `screenings` (`movie_id`,`hall_id`,`begin_time`,`price`) VALUES (9,3,'2020-09-20 09:36:39','5.99'),(7,5,'2020-10-20 14:31:34','18.90'),(7,5,'2020-06-11 21:59:54','18.90'),(12,7,'2020-06-06 08:57:30','10.01'),(11,2,'2020-12-16 19:50:32','0.50'),(5,7,'2020-05-18 19:08:18','12.51'),(13,4,'2020-03-31 04:47:13','12.34'),(5,8,'2020-01-31 01:11:54','12.51'),(10,4,'2020-05-05 02:53:18','2.00'),(9,2,'2020-03-29 12:23:31','5.99');
INSERT INTO `screenings` (`movie_id`,`hall_id`,`begin_time`,`price`) VALUES (2,1,'2020-11-05 20:08:36','78.99'),(1,1,'2020-02-20 13:59:43','45.99'),(13,1,'2020-06-10 12:23:55','12.34'),(10,4,'2020-04-21 10:53:41','2.00'),(7,7,'2020-10-23 13:19:55','18.90'),(8,6,'2020-03-24 09:56:22','30.50'),(12,2,'2020-01-28 11:07:33','10.01'),(10,4,'2020-04-09 13:06:18','2.00'),(12,5,'2020-08-03 13:40:57','10.01'),(1,2,'2020-05-08 16:16:05','45.99');
INSERT INTO `screenings` (`movie_id`,`hall_id`,`begin_time`,`price`) VALUES (6,9,'2020-06-20 17:07:00','22.50'),(12,8,'2020-04-16 11:17:06','10.01'),(1,6,'2020-02-22 16:05:39','45.99'),(4,6,'2020-09-13 15:22:04','33.33'),(7,10,'2020-11-01 04:55:15','18.90'),(9,9,'2020-06-10 18:11:11','5.99'),(6,3,'2020-02-03 12:51:22','22.50'),(5,3,'2020-07-26 08:01:30','12.51'),(7,5,'2020-08-29 12:23:50','18.90'),(8,5,'2020-06-02 02:26:30','30.50');
INSERT INTO `screenings` (`movie_id`,`hall_id`,`begin_time`,`price`) VALUES (7,3,'2020-08-02 22:12:05','18.90'),(10,8,'2020-02-15 20:22:19','2.00'),(6,5,'2020-03-24 12:37:08','22.50'),(12,9,'2020-08-20 18:34:28','10.01'),(12,10,'2020-10-06 21:56:23','10.01'),(11,6,'2020-11-15 04:09:31','0.50'),(3,3,'2020-07-07 08:43:31','60.50'),(8,3,'2020-03-04 06:34:52','30.50'),(2,4,'2020-07-09 05:17:06','78.99'),(1,2,'2020-06-29 17:46:42','45.99');
INSERT INTO `screenings` (`movie_id`,`hall_id`,`begin_time`,`price`) VALUES (13,7,'2020-10-19 05:46:56','12.34'),(10,10,'2020-05-30 11:24:04','2.00'),(9,4,'2020-06-05 04:49:27','5.99'),(3,4,'2020-07-10 06:01:23','60.50'),(5,6,'2020-10-27 02:21:13','12.51'),(13,6,'2020-11-02 23:17:36','12.34'),(11,5,'2020-01-22 14:29:15','0.50'),(8,10,'2020-06-06 07:48:01','30.50'),(6,10,'2020-12-23 06:18:50','22.50'),(1,8,'2020-03-11 17:48:41','45.99');
INSERT INTO `screenings` (`movie_id`,`hall_id`,`begin_time`,`price`) VALUES (13,10,'2020-10-07 19:26:30','12.34'),(12,5,'2020-09-23 19:34:03','10.01'),(2,6,'2020-07-28 10:03:51','78.99'),(1,5,'2020-01-10 20:35:39','45.99'),(9,3,'2020-01-30 02:29:23','5.99'),(2,10,'2020-12-11 23:33:01','78.99'),(7,2,'2020-04-27 03:58:14','18.90'),(6,1,'2020-02-10 19:34:59','22.50'),(5,5,'2020-05-26 21:16:25','12.51'),(9,3,'2020-01-22 03:34:15','5.99');
INSERT INTO `screenings` (`movie_id`,`hall_id`,`begin_time`,`price`) VALUES (6,4,'2020-09-22 01:28:20','22.50'),(5,5,'2020-01-06 06:28:41','12.51'),(8,7,'2020-06-21 17:23:47','30.50'),(3,10,'2020-05-23 12:59:36','60.50'),(13,9,'2020-11-28 14:18:13','12.34'),(11,3,'2020-07-18 15:30:51','0.50'),(11,3,'2020-11-21 07:02:32','0.50'),(2,7,'2020-08-10 02:33:40','78.99'),(11,5,'2020-11-21 04:42:00','0.50'),(9,8,'2020-03-26 00:41:52','5.99');
INSERT INTO `screenings` (`movie_id`,`hall_id`,`begin_time`,`price`) VALUES (9,6,'2020-03-13 20:10:30','5.99'),(12,4,'2020-07-10 04:51:39','10.01'),(9,7,'2020-04-22 18:01:59','5.99'),(13,5,'2020-11-29 07:53:26','12.34'),(5,5,'2020-01-07 15:41:43','12.51'),(6,4,'2020-10-15 06:27:05','22.50'),(7,4,'2020-07-29 21:52:12','18.90'),(12,3,'2020-08-29 04:31:56','10.01'),(12,2,'2020-10-07 04:54:44','10.01'),(2,7,'2020-12-06 06:43:25','78.99');
INSERT INTO `screenings` (`movie_id`,`hall_id`,`begin_time`,`price`) VALUES (2,1,'2020-01-04 19:10:23','78.99'),(7,10,'2020-03-04 06:53:21','18.90'),(2,9,'2020-03-27 07:07:49','78.99'),(11,6,'2020-10-22 06:08:28','0.50'),(3,2,'2020-05-06 07:46:32','60.50'),(2,9,'2020-08-15 16:11:02','78.99'),(9,8,'2020-06-02 18:25:11','5.99'),(2,10,'2020-11-04 23:14:05','78.99'),(6,5,'2020-06-01 03:21:05','22.50'),(6,2,'2020-04-17 13:37:57','22.50');
INSERT INTO `screenings` (`movie_id`,`hall_id`,`begin_time`,`price`) VALUES (9,7,'2020-12-25 17:36:04','5.99'),(5,1,'2020-06-23 17:53:05','12.51'),(12,3,'2020-09-18 05:03:48','10.01'),(7,5,'2020-11-11 07:19:04','18.90'),(11,4,'2020-05-08 01:43:06','0.50'),(13,3,'2020-08-09 10:22:05','12.34'),(13,3,'2020-01-18 06:31:24','12.34'),(6,1,'2020-12-28 01:59:06','22.50'),(2,4,'2020-03-30 14:42:37','78.99'),(7,7,'2020-12-20 05:18:37','18.90');
INSERT INTO `screenings` (`movie_id`,`hall_id`,`begin_time`,`price`) VALUES (1,1,'2020-03-30 02:06:49','45.99'),(4,9,'2020-08-21 14:42:36','33.33'),(12,5,'2020-12-14 20:01:29','10.01'),(11,8,'2020-05-19 17:49:21','0.50'),(12,3,'2020-10-22 10:40:38','10.01'),(5,1,'2020-03-03 12:41:43','12.51'),(1,3,'2020-07-27 06:22:01','45.99'),(13,10,'2020-03-12 15:15:07','12.34'),(9,10,'2020-05-05 12:56:21','5.99'),(11,3,'2020-05-10 10:25:34','0.50');
INSERT INTO `screenings` (`movie_id`,`hall_id`,`begin_time`,`price`) VALUES (9,4,'2020-03-23 09:05:36','5.99'),(8,5,'2020-07-18 13:26:35','30.50'),(13,6,'2020-09-09 05:04:21','12.34'),(5,5,'2020-04-21 15:30:18','12.51'),(9,2,'2020-11-05 07:32:57','5.99'),(3,1,'2020-11-27 05:55:57','60.50'),(1,9,'2020-09-28 20:00:05','45.99'),(12,7,'2020-06-11 11:05:26','10.01'),(8,8,'2020-11-15 03:29:59','30.50'),(1,4,'2020-02-15 14:58:11','45.99');
INSERT INTO `screenings` (`movie_id`,`hall_id`,`begin_time`,`price`) VALUES (4,5,'2020-07-18 18:37:53','33.33'),(7,10,'2020-01-31 15:10:07','18.90'),(5,5,'2020-06-09 23:04:08','12.51'),(9,1,'2020-08-10 09:00:07','5.99'),(4,10,'2020-01-16 18:20:30','33.33'),(3,9,'2020-08-28 07:30:47','60.50'),(8,4,'2020-05-22 05:05:43','30.50'),(1,2,'2020-06-26 21:55:02','45.99'),(5,7,'2020-08-20 01:47:33','12.51'),(3,7,'2020-03-09 18:40:27','60.50');
INSERT INTO `screenings` (`movie_id`,`hall_id`,`begin_time`,`price`) VALUES (8,7,'2020-01-18 12:42:12','30.50'),(12,10,'2020-08-13 04:12:20','10.01'),(9,8,'2020-08-25 02:59:14','5.99'),(6,4,'2020-04-08 14:22:51','22.50'),(1,9,'2020-10-05 07:56:52','45.99'),(10,10,'2020-10-13 00:30:39','2.00'),(1,2,'2020-08-23 22:31:36','45.99'),(5,10,'2020-02-16 00:17:03','12.51'),(8,10,'2020-10-21 18:17:17','30.50'),(9,2,'2020-02-29 18:05:47','5.99');
INSERT INTO `screenings` (`movie_id`,`hall_id`,`begin_time`,`price`) VALUES (9,1,'2020-06-09 12:52:38','5.99'),(9,10,'2020-11-19 23:37:19','5.99'),(1,8,'2020-12-24 00:38:19','45.99'),(1,3,'2020-01-23 09:58:02','45.99'),(1,10,'2020-12-19 15:37:52','45.99'),(11,2,'2020-07-05 12:40:44','0.50'),(9,2,'2020-10-21 01:07:30','5.99'),(9,10,'2020-12-12 01:56:38','5.99'),(6,9,'2020-02-13 22:03:17','22.50'),(6,10,'2020-04-28 10:36:54','22.50');
INSERT INTO `screenings` (`movie_id`,`hall_id`,`begin_time`,`price`) VALUES (9,9,'2020-03-24 01:11:02','5.99'),(8,8,'2020-04-26 02:47:42','30.50'),(2,3,'2020-01-20 03:25:47','78.99'),(10,3,'2020-03-24 20:06:27','2.00'),(9,10,'2020-10-02 15:41:11','5.99'),(8,8,'2020-04-07 22:32:38','30.50'),(1,2,'2020-03-13 02:04:25','45.99'),(12,2,'2020-10-04 10:44:53','10.01'),(7,4,'2020-10-01 03:43:00','18.90'),(6,6,'2020-03-21 07:53:13','22.50');
INSERT INTO `screenings` (`movie_id`,`hall_id`,`begin_time`,`price`) VALUES (11,7,'2020-07-18 13:55:49','0.50'),(10,2,'2020-10-25 17:03:33','2.00'),(4,8,'2020-10-18 20:54:00','33.33'),(3,9,'2020-10-06 00:06:04','60.50'),(9,1,'2020-11-21 18:48:41','5.99'),(10,8,'2020-11-11 17:24:26','2.00'),(9,6,'2020-10-25 05:14:30','5.99'),(4,1,'2020-09-15 19:01:18','33.33'),(6,6,'2020-04-16 17:38:28','22.50'),(9,1,'2020-04-03 23:49:12','5.99');
INSERT INTO `screenings` (`movie_id`,`hall_id`,`begin_time`,`price`) VALUES (11,6,'2020-03-15 08:41:02','0.50'),(6,8,'2020-07-09 14:51:54','22.50'),(3,7,'2020-05-19 03:21:54','60.50'),(11,5,'2020-01-07 19:25:38','0.50'),(7,3,'2020-05-21 10:08:02','18.90'),(1,9,'2020-05-27 11:19:02','45.99'),(8,8,'2020-11-25 14:14:32','30.50'),(7,7,'2020-04-19 01:55:26','18.90'),(5,2,'2020-05-22 05:09:16','12.51'),(2,6,'2020-10-22 10:01:22','78.99');
INSERT INTO `screenings` (`movie_id`,`hall_id`,`begin_time`,`price`) VALUES (5,6,'2020-01-26 21:28:56','12.51'),(12,4,'2020-08-01 12:07:35','10.01'),(9,7,'2020-05-31 07:13:47','5.99'),(8,1,'2020-04-02 03:20:41','30.50'),(11,2,'2020-08-18 02:48:30','0.50'),(6,5,'2020-12-26 11:37:31','22.50'),(13,5,'2020-06-12 09:07:36','12.34'),(13,3,'2020-07-31 15:45:34','12.34'),(9,10,'2020-02-07 21:46:40','5.99'),(6,5,'2020-06-13 19:49:11','22.50');
INSERT INTO `screenings` (`movie_id`,`hall_id`,`begin_time`,`price`) VALUES (5,9,'2020-12-10 00:21:02','12.51'),(4,3,'2020-01-19 00:58:43','33.33'),(2,9,'2020-07-10 12:38:11','78.99'),(13,8,'2020-11-21 17:39:40','12.34'),(9,3,'2020-10-31 03:50:40','5.99'),(13,4,'2020-04-04 08:33:57','12.34'),(6,7,'2020-03-31 08:38:53','22.50'),(3,5,'2020-11-14 22:40:13','60.50'),(3,10,'2020-03-29 18:06:52','60.50'),(12,7,'2020-01-25 07:52:39','10.01');
INSERT INTO `screenings` (`movie_id`,`hall_id`,`begin_time`,`price`) VALUES (4,6,'2020-01-11 04:40:27','33.33'),(13,9,'2020-02-20 17:51:18','12.34'),(12,7,'2020-09-12 16:55:09','10.01'),(3,6,'2020-04-09 04:43:48','60.50'),(11,5,'2020-09-24 02:14:50','0.50'),(12,6,'2020-01-17 00:08:35','10.01'),(12,3,'2020-05-03 18:25:37','10.01'),(5,2,'2020-06-29 13:08:00','12.51'),(2,3,'2020-07-16 08:26:16','78.99'),(1,3,'2020-11-30 23:50:36','45.99');
INSERT INTO `screenings` (`movie_id`,`hall_id`,`begin_time`,`price`) VALUES (13,3,'2020-12-27 21:10:19','12.34'),(9,2,'2020-06-20 12:58:20','5.99'),(11,4,'2020-08-23 10:24:17','0.50'),(10,10,'2020-05-04 20:44:37','2.00'),(1,4,'2020-08-30 20:18:37','45.99'),(3,10,'2020-12-29 07:38:29','60.50'),(8,7,'2020-09-05 01:01:16','30.50'),(10,3,'2020-11-26 03:06:23','2.00'),(7,3,'2020-08-05 12:53:56','18.90'),(10,6,'2020-09-03 15:38:43','2.00');
INSERT INTO `screenings` (`movie_id`,`hall_id`,`begin_time`,`price`) VALUES (12,10,'2020-02-07 14:25:24','10.01'),(5,4,'2020-04-30 17:58:06','12.51'),(7,6,'2020-09-25 00:21:48','18.90'),(9,8,'2020-09-17 08:36:56','5.99'),(1,10,'2020-12-25 15:41:24','45.99'),(12,8,'2020-01-17 23:36:03','10.01'),(3,5,'2020-09-23 15:05:44','60.50'),(5,4,'2020-12-23 15:32:38','12.51'),(2,5,'2020-08-04 12:33:26','78.99'),(11,6,'2020-03-04 02:27:51','0.50');
INSERT INTO `screenings` (`movie_id`,`hall_id`,`begin_time`,`price`) VALUES (6,2,'2020-01-15 21:51:20','22.50'),(9,1,'2020-01-01 05:36:07','5.99'),(11,7,'2020-08-09 00:27:42','0.50'),(3,10,'2020-11-27 08:09:06','60.50'),(9,7,'2020-02-19 20:48:26','5.99'),(13,4,'2020-05-18 03:21:27','12.34'),(13,4,'2020-03-12 19:19:04','12.34'),(3,7,'2020-10-21 00:05:09','60.50'),(2,4,'2020-10-13 22:53:59','78.99'),(1,8,'2020-09-24 02:36:51','45.99');
INSERT INTO `screenings` (`movie_id`,`hall_id`,`begin_time`,`price`) VALUES (12,4,'2020-10-16 19:06:28','10.01'),(7,4,'2020-10-04 07:45:40','18.90'),(5,5,'2020-02-07 03:37:22','12.51'),(4,9,'2020-09-05 09:07:52','33.33'),(6,5,'2020-09-17 18:59:37','22.50'),(1,7,'2020-08-09 23:57:17','45.99'),(12,10,'2020-07-08 15:18:30','10.01'),(9,5,'2020-10-17 09:56:58','5.99'),(3,8,'2020-04-19 01:19:27','60.50'),(5,6,'2020-11-12 08:52:12','12.51');
INSERT INTO `screenings` (`movie_id`,`hall_id`,`begin_time`,`price`) VALUES (13,8,'2020-01-21 03:47:51','12.34'),(9,10,'2020-10-23 04:30:14','5.99'),(12,2,'2020-11-20 03:08:05','10.01'),(9,3,'2020-03-08 21:42:30','5.99'),(1,3,'2020-09-20 16:23:44','45.99'),(9,10,'2020-03-22 22:51:48','5.99'),(5,10,'2020-07-03 21:50:23','12.51'),(3,6,'2020-10-09 01:26:49','60.50'),(9,1,'2020-06-06 10:03:00','5.99'),(11,2,'2020-05-10 21:20:54','0.50');
INSERT INTO `screenings` (`movie_id`,`hall_id`,`begin_time`,`price`) VALUES (9,7,'2020-01-11 17:21:55','5.99'),(3,3,'2020-08-04 09:28:39','60.50'),(8,6,'2020-05-06 08:42:21','30.50'),(13,3,'2020-01-01 03:23:57','12.34'),(10,8,'2020-11-21 21:20:25','2.00'),(8,8,'2020-06-30 05:11:46','30.50'),(11,9,'2020-01-26 04:24:16','0.50'),(7,8,'2020-02-19 05:25:05','18.90'),(1,7,'2020-03-06 21:53:16','45.99'),(7,1,'2020-10-05 08:53:41','18.90');
INSERT INTO `screenings` (`movie_id`,`hall_id`,`begin_time`,`price`) VALUES (5,3,'2020-07-07 06:31:11','12.51'),(5,1,'2020-07-16 05:05:39','12.51'),(2,7,'2020-07-18 00:29:20','78.99'),(7,5,'2020-06-07 02:16:48','18.90'),(13,9,'2020-07-31 17:30:23','12.34'),(13,6,'2020-08-10 02:40:03','12.34'),(9,10,'2020-11-19 15:19:06','5.99'),(8,8,'2020-03-11 01:33:30','30.50'),(5,4,'2020-09-20 11:09:40','12.51'),(8,3,'2020-01-15 12:35:50','30.50');
INSERT INTO `screenings` (`movie_id`,`hall_id`,`begin_time`,`price`) VALUES (3,4,'2020-02-05 23:05:21','60.50'),(12,10,'2020-04-02 03:05:06','10.01'),(4,7,'2020-11-11 14:58:50','33.33'),(11,1,'2020-09-30 23:57:06','0.50'),(11,3,'2020-01-14 14:13:00','0.50'),(7,1,'2020-11-09 22:58:10','18.90'),(12,8,'2020-08-21 22:28:49','10.01'),(4,10,'2020-09-08 11:29:15','33.33'),(8,7,'2020-12-13 07:47:31','30.50'),(11,5,'2020-03-23 18:31:18','0.50');
INSERT INTO `screenings` (`movie_id`,`hall_id`,`begin_time`,`price`) VALUES (11,2,'2020-03-15 12:44:51','0.50'),(6,1,'2020-10-31 23:18:31','22.50'),(9,2,'2020-09-17 02:29:11','5.99'),(12,10,'2020-02-01 01:52:02','10.01'),(4,10,'2020-06-09 22:39:06','33.33'),(2,6,'2020-05-03 17:02:24','78.99'),(11,5,'2020-11-23 16:29:15','0.50'),(1,6,'2020-01-07 08:55:53','45.99'),(12,10,'2020-01-25 23:00:23','10.01'),(1,2,'2020-01-03 16:39:18','45.99');
INSERT INTO `screenings` (`movie_id`,`hall_id`,`begin_time`,`price`) VALUES (9,5,'2020-01-13 21:08:45','5.99'),(11,1,'2020-04-16 05:14:41','0.50'),(10,4,'2020-12-24 10:45:10','2.00'),(13,6,'2020-08-12 11:21:26','12.34'),(12,2,'2020-07-28 16:25:29','10.01'),(8,4,'2020-02-07 10:22:58','30.50'),(13,1,'2020-12-28 03:17:14','12.34'),(12,8,'2020-09-05 22:45:08','10.01'),(8,6,'2020-01-24 05:59:49','30.50'),(1,3,'2020-09-15 13:23:25','45.99');
INSERT INTO `screenings` (`movie_id`,`hall_id`,`begin_time`,`price`) VALUES (5,8,'2020-07-15 11:10:06','12.51'),(3,3,'2020-04-19 04:19:18','60.50'),(9,6,'2020-10-27 16:40:19','5.99'),(12,7,'2020-08-25 18:32:30','10.01'),(13,1,'2020-06-10 01:00:53','12.34'),(8,4,'2020-10-09 14:37:26','30.50'),(7,7,'2020-12-04 14:10:08','18.90'),(9,6,'2020-11-14 14:41:11','5.99'),(1,6,'2020-07-13 13:49:10','45.99'),(5,7,'2020-12-31 14:52:50','12.51');
INSERT INTO `screenings` (`movie_id`,`hall_id`,`begin_time`,`price`) VALUES (2,4,'2020-12-16 20:03:34','78.99'),(4,5,'2020-09-20 03:58:33','33.33'),(12,10,'2020-12-13 21:49:57','10.01'),(11,7,'2020-03-09 23:40:39','0.50'),(3,3,'2020-11-09 23:16:43','60.50'),(7,4,'2020-05-19 14:17:39','18.90'),(10,5,'2020-01-07 03:23:26','2.00'),(12,2,'2020-10-13 15:08:23','10.01'),(2,1,'2020-04-28 04:22:19','78.99'),(11,7,'2020-05-04 07:52:31','0.50');
INSERT INTO `screenings` (`movie_id`,`hall_id`,`begin_time`,`price`) VALUES (1,10,'2020-06-25 19:44:11','45.99'),(3,7,'2020-07-02 01:14:48','60.50'),(5,3,'2020-05-18 04:12:50','12.51'),(4,10,'2020-08-08 08:26:25','33.33'),(11,9,'2020-03-23 20:55:24','0.50'),(7,5,'2020-01-14 13:37:55','18.90'),(12,1,'2020-12-01 18:07:35','10.01'),(13,9,'2020-11-28 13:00:40','12.34'),(10,7,'2020-07-04 03:12:46','2.00'),(7,5,'2020-10-20 11:10:23','18.90');
INSERT INTO `screenings` (`movie_id`,`hall_id`,`begin_time`,`price`) VALUES (13,7,'2020-02-22 04:24:33','12.34'),(8,8,'2020-02-18 11:36:26','30.50'),(4,10,'2020-07-20 13:42:31','33.33'),(9,7,'2020-04-29 04:19:30','5.99'),(2,1,'2020-04-01 06:26:13','78.99'),(7,9,'2020-11-06 20:53:20','18.90'),(5,9,'2020-03-03 12:26:10','12.51'),(11,10,'2020-07-01 09:33:19','0.50'),(4,1,'2020-07-26 12:49:34','33.33'),(4,8,'2020-07-22 10:40:58','33.33');
INSERT INTO `screenings` (`movie_id`,`hall_id`,`begin_time`,`price`) VALUES (13,6,'2020-12-29 22:12:33','12.34'),(9,2,'2020-06-21 17:55:13','5.99'),(4,6,'2020-02-08 00:22:50','33.33'),(10,10,'2020-11-01 22:46:46','2.00'),(9,4,'2020-08-28 09:32:47','5.99'),(9,8,'2020-10-17 13:41:43','5.99'),(6,1,'2020-12-22 05:51:37','22.50'),(3,4,'2020-03-31 08:59:43','60.50'),(5,5,'2020-08-08 01:08:43','12.51'),(2,4,'2020-06-08 07:15:37','78.99');
INSERT INTO `screenings` (`movie_id`,`hall_id`,`begin_time`,`price`) VALUES (12,4,'2020-08-26 22:33:21','10.01'),(10,9,'2020-06-08 05:12:26','2.00'),(5,6,'2020-05-07 06:16:31','12.51'),(9,4,'2020-08-09 18:43:46','5.99'),(10,4,'2020-09-01 20:52:57','2.00'),(9,4,'2020-01-30 04:48:13','5.99'),(7,6,'2020-09-30 20:06:16','18.90'),(4,4,'2020-11-08 18:26:29','33.33'),(6,7,'2020-12-24 12:46:33','22.50'),(11,10,'2020-07-02 07:50:25','0.50');
INSERT INTO `screenings` (`movie_id`,`hall_id`,`begin_time`,`price`) VALUES (12,10,'2020-06-27 04:06:06','10.01'),(1,1,'2020-04-17 22:39:06','45.99'),(13,9,'2020-01-24 11:35:38','12.34'),(6,4,'2020-07-24 04:25:20','22.50'),(9,9,'2020-07-23 01:53:46','5.99'),(3,9,'2020-08-12 10:59:54','60.50'),(6,8,'2020-09-24 21:23:06','22.50'),(4,6,'2020-04-10 01:55:30','33.33'),(11,7,'2020-02-05 14:55:08','0.50'),(9,9,'2020-03-22 18:19:01','5.99');
INSERT INTO `screenings` (`movie_id`,`hall_id`,`begin_time`,`price`) VALUES (9,8,'2020-02-17 03:49:38','5.99'),(7,10,'2020-11-10 09:24:32','18.90'),(9,4,'2020-04-12 04:58:03','5.99'),(8,1,'2020-07-26 15:27:09','30.50'),(4,8,'2020-03-07 08:26:52','33.33'),(7,8,'2020-08-13 09:29:18','18.90'),(3,8,'2020-11-22 21:02:40','60.50'),(6,6,'2020-05-18 10:18:11','22.50'),(8,2,'2020-11-21 23:20:49','30.50'),(1,1,'2020-03-08 18:03:43','45.99');
INSERT INTO `screenings` (`movie_id`,`hall_id`,`begin_time`,`price`) VALUES (13,2,'2020-02-24 23:47:34','12.34'),(4,10,'2020-06-04 17:15:53','33.33'),(2,2,'2020-11-21 08:06:17','78.99'),(9,10,'2020-11-26 06:37:07','5.99'),(13,8,'2020-05-12 08:34:58','12.34'),(10,2,'2020-08-29 11:01:46','2.00'),(13,10,'2020-02-04 04:36:44','12.34'),(13,7,'2020-10-20 18:15:32','12.34'),(9,7,'2020-01-16 16:22:48','5.99'),(5,1,'2020-12-04 17:20:12','12.51');
INSERT INTO `screenings` (`movie_id`,`hall_id`,`begin_time`,`price`) VALUES (6,10,'2020-02-09 12:44:36','22.50'),(2,1,'2020-04-08 21:32:55','78.99'),(4,1,'2020-09-05 08:18:36','33.33'),(2,6,'2020-06-24 15:03:52','78.99'),(12,8,'2020-05-03 00:14:34','10.01'),(10,6,'2020-12-29 15:47:15','2.00'),(9,2,'2020-06-25 19:33:32','5.99'),(4,8,'2020-10-30 08:02:31','33.33'),(4,1,'2020-05-02 09:38:17','33.33'),(3,8,'2020-09-18 08:33:36','60.50');
INSERT INTO `screenings` (`movie_id`,`hall_id`,`begin_time`,`price`) VALUES (12,4,'2020-04-29 02:50:24','10.01'),(4,9,'2020-08-30 09:30:39','33.33'),(12,5,'2020-09-17 01:40:13','10.01'),(13,6,'2020-09-25 22:00:28','12.34'),(9,6,'2020-07-27 15:14:53','5.99'),(13,1,'2020-02-17 16:42:13','12.34'),(6,3,'2020-12-16 19:04:38','22.50'),(3,3,'2020-09-13 15:42:07','60.50'),(7,6,'2020-05-09 01:08:16','18.90'),(2,5,'2020-07-12 07:16:32','78.99');
INSERT INTO `screenings` (`movie_id`,`hall_id`,`begin_time`,`price`) VALUES (9,8,'2020-07-01 20:30:26','5.99'),(13,9,'2020-11-17 18:58:15','12.34'),(1,5,'2020-04-12 18:17:38','45.99'),(2,7,'2020-03-19 03:58:56','78.99'),(10,4,'2020-05-10 22:13:02','2.00'),(12,8,'2020-02-20 07:24:55','10.01'),(10,2,'2020-05-31 15:17:51','2.00'),(2,6,'2020-09-21 01:32:32','78.99'),(13,10,'2020-12-21 16:55:43','12.34'),(5,7,'2020-12-01 11:33:40','12.51');
INSERT INTO `screenings` (`movie_id`,`hall_id`,`begin_time`,`price`) VALUES (10,4,'2020-05-22 14:28:26','2.00'),(10,9,'2020-04-25 13:10:14','2.00'),(11,9,'2020-10-23 03:07:31','0.50'),(1,7,'2020-04-21 19:42:50','45.99'),(5,8,'2020-06-25 00:13:13','12.51'),(8,1,'2020-01-12 13:54:45','30.50'),(5,1,'2020-08-13 16:02:43','12.51'),(7,3,'2020-06-26 14:33:48','18.90'),(4,6,'2020-03-20 15:46:48','33.33'),(8,4,'2020-07-28 10:30:11','30.50');
INSERT INTO `screenings` (`movie_id`,`hall_id`,`begin_time`,`price`) VALUES (10,3,'2020-11-24 21:31:41','2.00'),(13,5,'2020-06-27 16:35:43','12.34'),(11,5,'2020-04-25 15:03:25','0.50'),(3,2,'2020-05-23 17:22:16','60.50'),(11,9,'2020-06-19 07:12:13','0.50'),(12,10,'2020-12-14 16:16:06','10.01'),(10,6,'2020-08-13 21:01:18','2.00'),(1,9,'2020-03-24 02:44:15','45.99'),(8,7,'2020-06-24 15:09:48','30.50'),(8,8,'2020-10-16 06:50:00','30.50');
INSERT INTO `screenings` (`movie_id`,`hall_id`,`begin_time`,`price`) VALUES (3,8,'2020-09-09 04:22:33','60.50'),(1,7,'2020-10-30 05:07:12','45.99'),(9,10,'2020-08-29 09:15:17','5.99'),(1,8,'2020-07-28 20:05:56','45.99'),(13,2,'2020-07-20 22:38:44','12.34'),(1,7,'2020-04-16 09:12:51','45.99'),(13,3,'2020-04-06 08:58:09','12.34'),(5,2,'2020-08-05 03:04:16','12.51'),(6,7,'2020-10-03 08:09:39','22.50'),(1,7,'2020-12-25 22:42:06','45.99');
INSERT INTO `screenings` (`movie_id`,`hall_id`,`begin_time`,`price`) VALUES (1,6,'2020-09-01 10:45:55','45.99'),(10,9,'2020-08-18 11:56:12','2.00'),(8,3,'2020-08-12 17:00:14','30.50'),(9,5,'2020-12-10 04:53:15','5.99'),(6,6,'2020-06-11 17:40:43','22.50'),(2,5,'2020-10-22 08:56:41','78.99'),(5,8,'2020-12-26 22:16:43','12.51'),(2,2,'2020-06-19 05:58:05','78.99'),(9,2,'2020-07-07 22:40:08','5.99'),(10,8,'2020-12-04 17:38:10','2.00');
INSERT INTO `screenings` (`movie_id`,`hall_id`,`begin_time`,`price`) VALUES (5,4,'2020-07-12 00:27:30','12.51'),(1,9,'2020-07-01 15:10:22','45.99'),(9,10,'2020-04-03 04:04:41','5.99'),(8,6,'2020-08-13 14:03:49','30.50'),(7,1,'2020-05-05 05:56:50','18.90'),(9,6,'2020-10-12 06:03:58','5.99'),(11,6,'2020-01-07 01:43:06','0.50'),(3,3,'2020-01-28 10:15:18','60.50'),(3,2,'2020-08-31 23:25:27','60.50'),(11,9,'2020-06-15 21:03:50','0.50');
INSERT INTO `screenings` (`movie_id`,`hall_id`,`begin_time`,`price`) VALUES (2,3,'2020-02-17 13:50:15','78.99'),(7,10,'2020-11-07 12:01:43','18.90'),(11,4,'2020-03-24 23:38:32','0.50'),(10,8,'2020-04-15 06:46:03','2.00'),(2,7,'2020-12-12 02:41:55','78.99'),(9,5,'2020-08-20 07:18:06','5.99'),(2,4,'2020-10-10 22:51:57','78.99'),(3,2,'2020-06-03 22:17:54','60.50'),(10,7,'2020-12-22 00:06:14','2.00'),(10,9,'2020-08-23 09:47:54','2.00');
INSERT INTO `screenings` (`movie_id`,`hall_id`,`begin_time`,`price`) VALUES (10,8,'2020-10-07 15:45:20','2.00'),(8,6,'2020-03-15 11:03:03','30.50'),(9,6,'2020-07-19 12:26:58','5.99'),(12,2,'2020-04-26 11:02:21','10.01'),(1,8,'2020-04-19 10:09:15','45.99'),(12,5,'2020-10-22 06:46:49','10.01'),(8,1,'2020-04-02 15:34:17','30.50'),(4,6,'2020-12-13 05:36:46','33.33'),(1,5,'2020-02-02 12:38:16','45.99'),(11,2,'2020-08-10 06:32:29','0.50');
INSERT INTO `screenings` (`movie_id`,`hall_id`,`begin_time`,`price`) VALUES (4,9,'2020-02-04 20:57:54','33.33'),(9,7,'2020-12-20 07:25:22','5.99'),(6,8,'2020-07-22 13:26:50','22.50'),(3,3,'2020-01-04 08:11:08','60.50'),(10,8,'2020-06-07 07:51:46','2.00'),(7,7,'2020-07-26 03:05:53','18.90'),(2,10,'2020-02-14 15:23:21','78.99'),(4,9,'2020-05-17 01:43:46','33.33'),(8,8,'2020-08-06 07:29:24','30.50'),(7,2,'2020-10-30 05:03:50','18.90');
INSERT INTO `screenings` (`movie_id`,`hall_id`,`begin_time`,`price`) VALUES (1,5,'2020-01-10 06:14:50','45.99'),(2,5,'2020-09-23 14:16:35','78.99'),(8,10,'2020-04-01 20:16:21','30.50'),(10,9,'2020-09-24 09:49:48','2.00'),(5,1,'2020-09-27 10:20:39','12.51'),(7,6,'2020-03-13 04:29:17','18.90'),(10,1,'2020-09-24 05:41:05','2.00'),(7,7,'2020-09-28 22:49:03','18.90'),(1,7,'2020-01-09 05:27:47','45.99'),(9,8,'2020-03-09 09:44:11','5.99');
INSERT INTO `screenings` (`movie_id`,`hall_id`,`begin_time`,`price`) VALUES (8,8,'2020-08-16 20:48:47','30.50'),(9,9,'2020-02-25 20:27:25','5.99'),(2,8,'2020-12-05 08:56:44','78.99'),(2,1,'2020-01-22 18:36:04','78.99'),(2,1,'2020-12-21 16:02:34','78.99'),(3,9,'2020-08-14 14:56:33','60.50'),(12,7,'2020-07-25 09:00:42','10.01'),(7,2,'2020-09-09 15:07:35','18.90'),(1,6,'2020-10-05 16:53:51','45.99'),(9,2,'2020-01-22 01:35:22','5.99');
INSERT INTO `screenings` (`movie_id`,`hall_id`,`begin_time`,`price`) VALUES (7,4,'2020-11-14 01:00:03','18.90'),(6,3,'2020-02-01 16:55:59','22.50'),(6,8,'2020-06-04 23:24:32','22.50'),(6,7,'2020-04-18 11:24:09','22.50'),(11,1,'2020-01-06 18:59:59','0.50'),(3,2,'2020-02-02 01:08:23','60.50'),(11,6,'2020-05-04 12:11:12','0.50'),(13,3,'2020-07-03 23:03:28','12.34'),(11,4,'2020-01-05 03:58:14','0.50'),(13,5,'2020-07-23 08:44:40','12.34');
INSERT INTO `screenings` (`movie_id`,`hall_id`,`begin_time`,`price`) VALUES (10,7,'2020-10-09 10:16:25','2.00'),(6,6,'2020-08-23 18:01:13','22.50'),(13,1,'2020-12-15 08:53:46','12.34'),(4,1,'2020-09-13 14:07:04','33.33'),(5,6,'2020-03-11 05:09:30','12.51'),(10,8,'2020-06-05 00:21:02','2.00'),(6,9,'2020-09-11 13:47:31','22.50'),(5,5,'2020-05-01 18:05:10','12.51'),(2,4,'2020-03-08 05:27:35','78.99'),(2,7,'2020-05-09 11:40:28','78.99');
INSERT INTO `screenings` (`movie_id`,`hall_id`,`begin_time`,`price`) VALUES (5,10,'2020-04-08 21:36:47','12.51'),(5,4,'2020-06-17 18:31:18','12.51'),(3,6,'2020-04-09 13:08:10','60.50'),(9,2,'2020-01-11 12:04:42','5.99'),(2,7,'2020-05-15 12:41:49','78.99'),(4,1,'2020-08-31 03:15:48','33.33'),(11,7,'2020-11-19 22:11:23','0.50'),(13,8,'2020-12-08 16:48:59','12.34'),(4,4,'2020-10-30 17:47:04','33.33'),(10,9,'2020-10-29 04:45:22','2.00');
INSERT INTO `screenings` (`movie_id`,`hall_id`,`begin_time`,`price`) VALUES (3,7,'2020-11-27 09:13:41','60.50'),(5,1,'2020-05-16 07:12:51','12.51'),(2,10,'2020-07-18 19:31:17','78.99'),(2,4,'2020-11-10 05:19:14','78.99'),(2,1,'2020-05-15 15:00:19','78.99'),(4,3,'2020-08-08 01:35:28','33.33'),(10,2,'2020-06-08 20:04:43','2.00'),(7,4,'2020-08-07 07:54:51','18.90'),(10,8,'2020-04-12 07:37:11','2.00'),(9,8,'2020-07-25 01:07:13','5.99');
INSERT INTO `screenings` (`movie_id`,`hall_id`,`begin_time`,`price`) VALUES (7,6,'2020-05-20 02:25:13','18.90'),(9,9,'2020-09-26 12:45:16','5.99'),(7,10,'2020-12-29 05:31:10','18.90'),(10,5,'2020-08-15 09:58:05','2.00'),(11,5,'2020-06-30 00:44:02','0.50'),(12,1,'2020-01-01 04:11:54','10.01'),(4,2,'2020-02-15 22:28:49','33.33'),(5,7,'2020-12-10 18:17:54','12.51'),(10,1,'2020-04-10 08:00:13','2.00'),(4,5,'2020-09-01 18:41:27','33.33');
INSERT INTO `screenings` (`movie_id`,`hall_id`,`begin_time`,`price`) VALUES (10,7,'2020-01-21 18:40:33','2.00'),(4,8,'2020-09-24 06:33:30','33.33'),(2,2,'2020-04-07 18:10:46','78.99'),(6,4,'2020-11-02 09:28:10','22.50'),(5,2,'2020-12-31 20:53:46','12.51'),(1,10,'2020-08-04 16:56:56','45.99'),(10,7,'2020-12-17 22:47:19','2.00'),(2,6,'2020-07-20 09:08:17','78.99'),(5,6,'2020-12-08 11:31:59','12.51'),(5,5,'2020-06-28 02:12:45','12.51');
INSERT INTO `screenings` (`movie_id`,`hall_id`,`begin_time`,`price`) VALUES (4,10,'2020-06-27 13:45:10','33.33'),(5,4,'2020-09-25 19:32:34','12.51'),(9,8,'2020-09-04 11:09:01','5.99'),(8,7,'2020-07-16 11:28:03','30.50'),(13,1,'2020-02-01 18:22:52','12.34'),(13,3,'2020-11-01 02:17:45','12.34'),(1,8,'2020-01-06 06:59:24','45.99'),(5,1,'2020-04-25 12:58:53','12.51'),(4,3,'2020-09-09 19:57:38','33.33'),(10,3,'2020-03-01 18:39:18','2.00');
INSERT INTO `screenings` (`movie_id`,`hall_id`,`begin_time`,`price`) VALUES (3,5,'2020-08-11 05:27:15','60.50'),(13,1,'2020-04-16 08:10:03','12.34'),(3,3,'2020-07-01 09:58:59','60.50'),(1,4,'2020-03-26 11:03:55','45.99'),(12,3,'2020-08-02 02:13:59','10.01'),(6,8,'2020-05-12 21:42:23','22.50'),(2,3,'2020-08-06 23:43:03','78.99'),(1,9,'2020-06-21 10:12:00','45.99'),(8,6,'2020-03-27 17:06:42','30.50'),(9,3,'2020-12-24 22:43:12','5.99');
INSERT INTO `screenings` (`movie_id`,`hall_id`,`begin_time`,`price`) VALUES (1,3,'2020-10-24 00:24:42','45.99'),(9,8,'2020-09-01 19:53:51','5.99'),(5,10,'2020-03-20 10:59:54','12.51'),(12,8,'2020-06-24 02:57:12','10.01'),(6,8,'2020-12-13 18:59:31','22.50'),(13,8,'2020-06-11 16:56:34','12.34'),(10,4,'2020-09-12 17:03:28','2.00'),(13,8,'2020-04-05 06:24:26','12.34'),(4,3,'2020-05-05 20:35:03','33.33'),(8,3,'2020-08-01 23:33:37','30.50');
INSERT INTO `screenings` (`movie_id`,`hall_id`,`begin_time`,`price`) VALUES (13,10,'2020-01-24 14:48:20','12.34'),(5,3,'2020-04-12 10:36:46','12.51'),(4,10,'2020-02-03 15:01:03','33.33'),(2,5,'2020-01-21 23:20:37','78.99'),(9,4,'2020-04-18 00:56:03','5.99'),(10,9,'2020-11-23 12:23:22','2.00'),(12,2,'2020-05-31 10:45:00','10.01'),(7,7,'2020-01-30 09:03:19','18.90'),(12,1,'2020-07-30 03:01:23','10.01'),(12,7,'2020-11-20 06:20:45','10.01');
INSERT INTO `screenings` (`movie_id`,`hall_id`,`begin_time`,`price`) VALUES (12,4,'2020-09-02 23:39:52','10.01'),(1,9,'2020-08-10 19:25:06','45.99'),(2,4,'2020-05-04 17:22:14','78.99'),(8,1,'2020-10-02 20:30:00','30.50'),(13,3,'2020-06-09 18:54:17','12.34'),(11,10,'2020-09-07 14:11:30','0.50'),(10,3,'2020-07-17 21:56:50','2.00'),(5,9,'2020-04-10 02:56:42','12.51'),(4,7,'2020-01-01 06:23:48','33.33'),(7,3,'2020-07-07 00:04:08','18.90');
INSERT INTO `screenings` (`movie_id`,`hall_id`,`begin_time`,`price`) VALUES (7,8,'2020-10-26 13:30:38','18.90'),(10,6,'2020-01-05 16:04:00','2.00'),(7,2,'2020-09-11 01:20:55','18.90'),(8,2,'2020-04-13 23:43:15','30.50'),(7,4,'2020-06-02 02:24:06','18.90'),(4,7,'2020-01-30 20:41:42','33.33'),(3,5,'2020-06-11 02:27:37','60.50'),(2,2,'2020-02-08 05:51:29','78.99'),(11,1,'2020-06-30 01:39:30','0.50'),(3,8,'2020-06-03 16:23:11','60.50');
INSERT INTO `screenings` (`movie_id`,`hall_id`,`begin_time`,`price`) VALUES (6,5,'2020-03-22 21:04:28','22.50'),(2,8,'2020-09-22 08:36:22','78.99'),(5,8,'2020-01-21 01:12:39','12.51'),(12,2,'2020-11-17 02:11:17','10.01'),(10,9,'2020-11-07 17:44:47','2.00'),(4,3,'2020-01-21 12:55:38','33.33'),(4,1,'2020-09-14 22:29:34','33.33'),(9,8,'2020-12-10 11:06:59','5.99'),(5,6,'2020-08-13 23:09:11','12.51'),(5,4,'2020-07-03 15:49:09','12.51');
INSERT INTO `screenings` (`movie_id`,`hall_id`,`begin_time`,`price`) VALUES (12,6,'2020-07-05 16:39:51','10.01'),(5,4,'2020-07-30 12:59:07','12.51'),(8,2,'2020-04-26 14:57:10','30.50'),(1,9,'2020-04-06 06:13:03','45.99'),(4,7,'2020-07-12 12:22:42','33.33'),(2,10,'2020-12-22 22:13:34','78.99'),(4,10,'2020-11-21 18:53:41','33.33'),(6,5,'2020-01-26 11:16:37','22.50'),(8,6,'2020-02-12 19:45:46','30.50'),(12,4,'2020-12-10 12:05:21','10.01');
INSERT INTO `screenings` (`movie_id`,`hall_id`,`begin_time`,`price`) VALUES (11,8,'2020-04-13 22:33:02','0.50'),(3,10,'2020-08-29 11:16:32','60.50'),(3,3,'2020-10-20 16:37:35','60.50'),(9,10,'2020-06-12 23:38:10','5.99'),(9,1,'2020-09-13 21:51:07','5.99'),(13,1,'2020-02-24 11:56:14','12.34'),(7,3,'2020-08-05 04:04:24','18.90'),(1,9,'2020-09-03 21:28:12','45.99'),(13,10,'2020-10-13 14:32:34','12.34'),(3,4,'2020-09-18 08:42:08','60.50');
INSERT INTO `screenings` (`movie_id`,`hall_id`,`begin_time`,`price`) VALUES (7,1,'2020-03-19 20:23:32','18.90'),(11,7,'2020-01-26 16:36:31','0.50'),(7,3,'2020-08-29 00:14:19','18.90'),(1,3,'2020-03-26 20:52:13','45.99'),(3,8,'2020-09-26 16:38:46','60.50'),(3,7,'2020-06-23 11:02:52','60.50'),(4,6,'2020-11-20 17:26:56','33.33'),(10,2,'2020-08-11 03:36:48','2.00'),(8,5,'2020-04-12 10:21:26','30.50'),(13,8,'2020-01-19 22:59:57','12.34');
INSERT INTO `screenings` (`movie_id`,`hall_id`,`begin_time`,`price`) VALUES (11,8,'2020-02-16 03:35:10','0.50'),(7,8,'2020-07-07 18:29:10','18.90'),(5,6,'2020-07-22 09:49:30','12.51'),(4,9,'2020-03-13 12:09:58','33.33'),(7,5,'2020-12-17 13:11:44','18.90'),(8,9,'2020-02-07 03:38:26','30.50'),(5,6,'2020-12-02 18:53:58','12.51'),(10,2,'2020-10-04 13:48:31','2.00'),(5,1,'2020-04-14 10:44:30','12.51'),(2,6,'2020-10-31 07:36:38','78.99');
INSERT INTO `screenings` (`movie_id`,`hall_id`,`begin_time`,`price`) VALUES (1,10,'2020-07-06 19:13:36','45.99'),(11,2,'2020-02-26 18:17:37','0.50'),(7,10,'2020-12-14 23:47:09','18.90'),(5,10,'2020-08-19 20:51:32','12.51'),(13,3,'2020-08-10 11:37:19','12.34'),(7,8,'2020-12-12 05:28:14','18.90'),(1,2,'2020-01-28 07:59:17','45.99'),(6,5,'2020-11-20 08:27:26','22.50'),(1,8,'2020-02-16 12:54:16','45.99'),(4,8,'2020-04-06 20:20:53','33.33');
INSERT INTO `screenings` (`movie_id`,`hall_id`,`begin_time`,`price`) VALUES (13,8,'2020-03-22 20:55:23','12.34'),(7,10,'2020-12-22 04:09:49','18.90'),(7,8,'2020-03-25 18:27:50','18.90'),(12,2,'2020-03-27 21:14:21','10.01'),(4,6,'2020-02-03 03:51:55','33.33'),(8,10,'2020-09-25 09:25:23','30.50'),(2,8,'2020-03-14 07:04:04','78.99'),(12,10,'2020-12-27 17:45:08','10.01'),(13,8,'2020-10-07 15:28:07','12.34'),(5,3,'2020-11-12 10:26:47','12.51');
INSERT INTO `screenings` (`movie_id`,`hall_id`,`begin_time`,`price`) VALUES (2,7,'2020-11-27 01:37:49','78.99'),(13,2,'2020-06-06 10:42:28','12.34'),(2,5,'2020-12-27 22:50:03','78.99'),(7,2,'2020-02-26 05:16:55','18.90'),(10,8,'2020-08-08 14:44:10','2.00'),(5,7,'2020-09-13 19:07:13','12.51'),(7,4,'2020-02-08 01:31:51','18.90'),(8,2,'2020-04-02 07:34:48','30.50'),(11,8,'2020-01-18 00:12:18','0.50'),(2,9,'2020-06-16 16:53:59','78.99');
INSERT INTO `screenings` (`movie_id`,`hall_id`,`begin_time`,`price`) VALUES (11,1,'2020-06-03 07:50:12','0.50'),(10,5,'2020-02-13 20:55:47','2.00'),(7,4,'2020-06-07 23:38:24','18.90'),(9,5,'2020-04-17 04:44:30','5.99'),(12,7,'2020-09-03 14:38:43','10.01'),(8,10,'2020-05-29 06:34:14','30.50'),(2,1,'2020-05-24 13:38:34','78.99'),(7,2,'2020-02-25 04:58:43','18.90'),(5,5,'2020-12-06 09:13:12','12.51'),(13,2,'2020-08-06 20:02:08','12.34');
INSERT INTO `screenings` (`movie_id`,`hall_id`,`begin_time`,`price`) VALUES (4,1,'2020-05-23 01:25:46','33.33'),(3,10,'2020-02-19 20:11:24','60.50'),(5,2,'2020-08-26 20:14:02','12.51'),(11,2,'2020-08-24 17:57:14','0.50'),(12,3,'2020-04-27 09:13:26','10.01'),(6,9,'2020-05-27 03:22:15','22.50'),(8,3,'2020-06-18 23:54:34','30.50'),(7,10,'2020-10-19 00:30:48','18.90'),(6,3,'2020-11-07 15:25:49','22.50'),(1,6,'2020-08-16 01:17:02','45.99');
INSERT INTO `screenings` (`movie_id`,`hall_id`,`begin_time`,`price`) VALUES (7,5,'2020-08-17 22:28:36','18.90'),(5,5,'2020-05-15 10:13:13','12.51'),(2,9,'2020-12-22 15:07:05','78.99'),(12,7,'2020-07-28 13:33:52','10.01'),(8,8,'2020-01-18 01:13:19','30.50'),(1,7,'2020-05-27 11:46:13','45.99'),(2,10,'2020-03-18 02:27:23','78.99'),(7,7,'2020-10-31 22:29:10','18.90'),(9,10,'2020-01-03 00:53:58','5.99'),(4,1,'2020-10-09 16:26:05','33.33');
INSERT INTO `screenings` (`movie_id`,`hall_id`,`begin_time`,`price`) VALUES (7,3,'2020-10-24 18:56:37','18.90'),(9,7,'2020-05-20 05:43:08','5.99'),(1,6,'2020-12-03 14:25:23','45.99'),(13,1,'2020-05-10 10:47:34','12.34'),(10,1,'2020-08-18 03:16:54','2.00'),(5,10,'2020-10-03 13:18:39','12.51'),(11,2,'2020-09-23 12:45:20','0.50'),(10,8,'2020-09-21 21:29:56','2.00'),(8,2,'2020-03-13 01:26:50','30.50'),(1,8,'2020-11-07 05:00:35','45.99');
INSERT INTO `screenings` (`movie_id`,`hall_id`,`begin_time`,`price`) VALUES (1,6,'2020-05-15 15:01:15','45.99'),(12,7,'2020-05-19 06:10:27','10.01'),(9,10,'2020-12-20 20:02:19','5.99'),(11,8,'2020-11-02 07:45:45','0.50'),(9,9,'2020-10-09 12:12:12','5.99'),(12,10,'2020-11-02 17:16:22','10.01'),(5,2,'2020-01-03 19:20:47','12.51'),(12,5,'2020-06-25 01:35:29','10.01'),(13,10,'2020-04-09 22:34:54','12.34'),(5,1,'2020-10-15 12:20:06','12.51');
INSERT INTO `screenings` (`movie_id`,`hall_id`,`begin_time`,`price`) VALUES (10,9,'2020-11-03 17:01:46','2.00'),(12,7,'2020-03-18 17:21:19','10.01'),(8,1,'2020-04-21 06:06:57','30.50'),(7,2,'2020-05-19 11:59:12','18.90'),(10,6,'2020-10-11 09:21:15','2.00'),(3,2,'2020-02-23 12:40:19','60.50'),(13,7,'2020-07-21 10:21:00','12.34'),(8,6,'2020-08-24 22:21:08','30.50'),(4,5,'2020-10-11 13:11:56','33.33'),(5,6,'2020-05-26 09:11:32','12.51');
INSERT INTO `screenings` (`movie_id`,`hall_id`,`begin_time`,`price`) VALUES (7,2,'2020-02-07 14:50:38','18.90'),(8,2,'2020-07-29 11:14:38','30.50'),(2,2,'2020-05-20 23:30:08','78.99'),(3,3,'2020-06-30 20:28:50','60.50'),(13,1,'2020-09-14 01:17:07','12.34'),(3,9,'2020-06-21 04:16:27','60.50'),(6,2,'2020-02-20 18:29:46','22.50'),(6,1,'2020-07-05 13:16:14','22.50'),(7,2,'2020-10-29 09:56:55','18.90'),(8,3,'2020-06-30 19:49:34','30.50');
INSERT INTO `screenings` (`movie_id`,`hall_id`,`begin_time`,`price`) VALUES (6,1,'2020-12-03 15:10:51','22.50'),(8,1,'2020-07-03 15:04:57','30.50'),(9,3,'2020-07-09 01:23:11','5.99'),(1,4,'2020-05-13 01:03:49','45.99'),(9,6,'2020-06-26 12:42:50','5.99'),(6,1,'2020-09-01 05:41:45','22.50'),(8,1,'2020-11-09 20:21:32','30.50'),(9,6,'2020-05-01 05:15:55','5.99'),(4,10,'2020-12-31 01:08:07','33.33'),(1,10,'2020-04-04 10:24:31','45.99');
INSERT INTO `screenings` (`movie_id`,`hall_id`,`begin_time`,`price`) VALUES (9,6,'2020-06-05 07:48:57','5.99'),(1,8,'2020-06-17 10:30:53','45.99'),(7,4,'2020-12-23 12:04:59','18.90'),(5,5,'2020-04-30 17:11:24','12.51'),(10,3,'2020-01-13 04:12:38','2.00'),(11,8,'2020-10-14 07:31:08','0.50'),(12,8,'2020-06-07 13:11:50','10.01'),(5,6,'2020-06-13 01:37:53','12.51'),(11,6,'2020-10-02 20:57:59','0.50'),(11,8,'2020-03-30 02:48:47','0.50');
INSERT INTO `screenings` (`movie_id`,`hall_id`,`begin_time`,`price`) VALUES (12,10,'2020-07-12 03:18:26','10.01'),(2,2,'2020-02-12 08:43:11','78.99'),(7,3,'2020-02-02 03:12:22','18.90'),(6,8,'2020-07-29 02:59:43','22.50'),(12,9,'2020-01-27 07:16:36','10.01'),(13,6,'2020-09-29 12:04:47','12.34'),(11,7,'2020-01-21 21:02:52','0.50'),(12,10,'2020-12-18 17:23:40','10.01'),(2,8,'2020-11-17 16:49:07','78.99'),(1,7,'2020-05-14 21:07:06','45.99');
INSERT INTO `screenings` (`movie_id`,`hall_id`,`begin_time`,`price`) VALUES (4,9,'2020-02-07 15:57:44','33.33'),(1,1,'2020-01-19 09:16:28','45.99'),(7,9,'2020-05-19 04:46:15','18.90'),(8,8,'2020-08-18 17:30:08','30.50'),(13,3,'2020-07-20 03:44:48','12.34'),(2,5,'2020-01-05 20:24:14','78.99'),(7,6,'2020-02-03 23:26:48','18.90'),(12,2,'2020-07-23 14:49:22','10.01'),(11,3,'2020-07-03 09:17:06','0.50'),(9,5,'2020-07-17 13:22:50','5.99');
INSERT INTO `screenings` (`movie_id`,`hall_id`,`begin_time`,`price`) VALUES (9,4,'2020-04-25 08:32:04','5.99'),(2,4,'2020-08-28 14:42:29','78.99'),(12,2,'2020-08-26 19:23:45','10.01'),(2,6,'2020-11-28 11:08:31','78.99'),(13,7,'2020-04-26 09:11:35','12.34'),(1,4,'2020-06-16 08:50:19','45.99'),(11,9,'2020-10-22 11:36:29','0.50'),(13,7,'2020-06-13 16:18:21','12.34'),(3,8,'2020-04-10 19:49:41','60.50'),(7,9,'2020-10-04 18:28:19','18.90');
INSERT INTO `screenings` (`movie_id`,`hall_id`,`begin_time`,`price`) VALUES (10,7,'2020-08-07 17:26:07','2.00'),(1,4,'2020-11-24 07:18:44','45.99'),(4,4,'2020-06-15 09:50:51','33.33'),(11,3,'2020-02-08 22:21:33','0.50'),(4,10,'2020-12-31 06:16:09','33.33'),(9,1,'2020-04-25 04:02:01','5.99'),(6,2,'2020-01-21 15:57:49','22.50'),(3,3,'2020-10-24 16:51:17','60.50'),(10,6,'2020-10-05 22:32:15','2.00'),(9,1,'2020-02-07 14:45:49','5.99');
INSERT INTO `screenings` (`movie_id`,`hall_id`,`begin_time`,`price`) VALUES (3,10,'2020-06-12 01:57:27','60.50'),(2,4,'2020-07-24 17:13:47','78.99'),(9,6,'2020-05-02 13:10:52','5.99'),(2,7,'2020-11-22 12:26:36','78.99'),(1,4,'2020-12-21 04:11:57','45.99'),(9,8,'2020-04-14 12:12:47','5.99'),(10,10,'2020-09-27 08:48:25','2.00'),(7,5,'2020-03-10 07:02:15','18.90'),(6,9,'2020-05-21 22:40:23','22.50'),(6,6,'2020-03-01 17:37:37','22.50');
INSERT INTO `screenings` (`movie_id`,`hall_id`,`begin_time`,`price`) VALUES (1,10,'2020-06-17 15:03:15','45.99'),(13,4,'2020-12-07 18:45:44','12.34'),(11,2,'2020-10-07 22:43:30','0.50'),(10,4,'2020-08-26 05:01:50','2.00'),(5,9,'2020-02-27 21:51:16','12.51'),(8,8,'2020-02-19 06:43:58','30.50'),(4,2,'2020-04-10 10:43:03','33.33'),(12,1,'2020-12-05 00:02:33','10.01'),(6,7,'2020-04-04 11:58:40','22.50'),(2,8,'2020-07-18 11:39:17','78.99');
INSERT INTO `screenings` (`movie_id`,`hall_id`,`begin_time`,`price`) VALUES (12,1,'2020-11-02 22:58:04','10.01'),(11,8,'2020-12-31 01:32:47','0.50'),(12,5,'2020-07-04 13:03:03','10.01'),(5,5,'2020-05-01 00:44:57','12.51'),(4,1,'2020-03-14 07:51:10','33.33'),(12,3,'2020-10-06 12:13:47','10.01'),(5,9,'2020-04-24 22:54:11','12.51'),(9,2,'2020-10-17 23:20:23','5.99'),(5,2,'2020-02-28 09:27:16','12.51'),(6,2,'2020-08-13 11:07:05','22.50');
INSERT INTO `screenings` (`movie_id`,`hall_id`,`begin_time`,`price`) VALUES (7,8,'2020-05-10 18:29:25','18.90'),(4,6,'2020-04-24 11:12:50','33.33'),(6,1,'2020-02-09 02:51:05','22.50'),(4,4,'2020-08-09 13:33:51','33.33'),(4,1,'2020-12-22 19:42:48','33.33'),(11,9,'2020-03-26 22:16:15','0.50'),(4,6,'2020-02-21 04:06:55','33.33'),(13,2,'2020-01-22 20:50:24','12.34'),(10,1,'2020-07-07 06:27:11','2.00'),(5,8,'2020-01-01 10:47:04','12.51');
INSERT INTO `screenings` (`movie_id`,`hall_id`,`begin_time`,`price`) VALUES (2,10,'2020-03-20 13:37:56','78.99'),(6,6,'2020-09-01 11:25:02','22.50'),(1,5,'2020-04-17 22:38:52','45.99'),(4,6,'2020-08-24 21:04:15','33.33'),(8,7,'2020-07-16 18:04:31','30.50'),(11,2,'2020-07-14 11:22:36','0.50'),(3,10,'2020-04-14 01:39:36','60.50'),(2,4,'2020-07-22 20:34:24','78.99'),(6,10,'2020-09-28 00:15:20','22.50'),(5,3,'2020-12-19 14:23:16','12.51');
INSERT INTO `screenings` (`movie_id`,`hall_id`,`begin_time`,`price`) VALUES (13,1,'2020-10-10 14:48:13','12.34'),(7,8,'2020-06-02 07:31:30','18.90'),(7,3,'2020-09-19 02:25:51','18.90'),(4,7,'2020-11-02 09:49:18','33.33'),(9,10,'2020-10-03 05:49:29','5.99'),(12,5,'2020-08-10 06:41:29','10.01'),(12,5,'2020-03-28 07:58:07','10.01'),(3,2,'2020-02-23 16:14:17','60.50'),(2,9,'2020-10-10 20:51:53','78.99'),(12,9,'2020-01-12 00:35:04','10.01');
INSERT INTO `screenings` (`movie_id`,`hall_id`,`begin_time`,`price`) VALUES (12,6,'2020-01-13 06:38:34','10.01'),(4,5,'2020-10-05 06:10:11','33.33'),(2,2,'2020-01-01 18:32:45','78.99'),(7,1,'2020-03-21 16:56:28','18.90'),(11,8,'2020-09-28 13:11:26','0.50'),(13,6,'2020-10-01 22:15:02','12.34'),(10,5,'2020-05-23 09:07:37','2.00'),(5,7,'2020-06-08 20:28:21','12.51'),(2,2,'2020-08-13 11:26:48','78.99'),(11,5,'2020-06-03 02:08:08','0.50');
INSERT INTO `screenings` (`movie_id`,`hall_id`,`begin_time`,`price`) VALUES (3,4,'2020-12-13 10:41:04','60.50'),(9,5,'2020-07-17 04:00:32','5.99'),(6,7,'2020-11-17 20:21:57','22.50'),(8,3,'2020-12-25 05:43:29','30.50'),(5,5,'2020-11-13 00:40:12','12.51'),(5,7,'2020-12-30 12:24:48','12.51'),(12,9,'2020-01-16 02:47:37','10.01'),(3,5,'2020-05-24 20:17:54','60.50'),(11,8,'2020-02-07 10:28:52','0.50'),(3,3,'2020-04-26 15:36:47','60.50');
INSERT INTO `screenings` (`movie_id`,`hall_id`,`begin_time`,`price`) VALUES (2,9,'2020-11-26 02:17:37','78.99'),(12,3,'2020-12-25 14:41:25','10.01'),(2,9,'2020-05-04 04:12:38','78.99'),(4,1,'2020-03-18 03:11:33','33.33'),(9,2,'2020-01-11 19:40:56','5.99'),(10,1,'2020-10-08 08:49:13','2.00'),(1,2,'2020-05-09 23:30:04','45.99'),(11,7,'2020-02-10 16:07:21','0.50'),(8,1,'2020-06-17 23:06:51','30.50'),(5,1,'2020-11-24 01:15:04','12.51');
INSERT INTO `screenings` (`movie_id`,`hall_id`,`begin_time`,`price`) VALUES (6,6,'2020-06-12 12:17:17','22.50'),(10,2,'2020-10-31 23:22:45','2.00'),(11,4,'2020-06-30 22:42:16','0.50'),(13,4,'2020-09-24 01:49:41','12.34'),(5,1,'2020-08-13 09:43:56','12.51'),(9,9,'2020-10-10 00:32:46','5.99'),(8,1,'2020-03-31 07:49:07','30.50'),(10,3,'2020-08-08 17:45:56','2.00'),(1,2,'2020-09-27 12:20:20','45.99'),(6,4,'2020-07-11 09:52:23','22.50');
INSERT INTO `screenings` (`movie_id`,`hall_id`,`begin_time`,`price`) VALUES (10,1,'2020-08-26 08:56:20','2.00'),(11,9,'2020-11-19 01:08:42','0.50'),(6,10,'2020-11-14 04:16:37','22.50'),(7,1,'2020-10-27 12:34:32','18.90'),(11,2,'2020-12-20 17:29:18','0.50'),(3,5,'2020-11-12 15:46:50','60.50'),(7,1,'2020-03-03 08:03:01','18.90'),(7,4,'2020-11-08 10:52:40','18.90'),(2,10,'2020-04-26 04:20:15','78.99'),(7,1,'2020-08-22 17:47:32','18.90');
INSERT INTO `screenings` (`movie_id`,`hall_id`,`begin_time`,`price`) VALUES (11,4,'2020-05-26 05:21:47','0.50'),(3,2,'2020-04-20 04:31:41','60.50'),(10,2,'2020-05-28 16:31:43','2.00'),(8,10,'2020-12-30 08:05:07','30.50'),(4,10,'2020-09-28 19:39:21','33.33'),(2,8,'2020-04-12 15:49:57','78.99'),(1,5,'2020-11-18 02:44:38','45.99'),(7,8,'2020-07-11 19:48:49','18.90'),(9,6,'2020-06-17 00:06:50','5.99'),(5,5,'2020-09-01 13:58:46','12.51');
INSERT INTO `screenings` (`movie_id`,`hall_id`,`begin_time`,`price`) VALUES (11,6,'2020-09-17 14:40:52','0.50'),(8,3,'2020-04-25 02:50:45','30.50'),(11,3,'2020-03-10 12:58:21','0.50'),(7,3,'2020-11-02 04:57:15','18.90'),(12,5,'2020-11-30 09:05:49','10.01'),(5,9,'2020-11-05 15:51:12','12.51'),(7,5,'2020-01-27 08:33:59','18.90'),(6,6,'2020-10-07 04:02:55','22.50'),(11,8,'2020-04-10 19:11:23','0.50'),(6,9,'2020-06-15 07:46:49','22.50');

INSERT INTO `reservations` (`screening_id`,`name`,`surname`,`email`) VALUES (430,'Nehru','Ramsey','In.ornare@nec.org'),(76,'Nell','Rowe','morbi.tristique@Nullam.com'),(40,'Randall','Norman','Proin.eget@Aeneanegestashendrerit.ca'),(537,'Illiana','Clayton','Duis.risus@a.co.uk'),(354,'Adrienne','Fuller','mus@aptenttaciti.com'),(168,'Aquila','Wolf','orci@Nullaegetmetus.org'),(297,'Steven','Ballard','non.lacinia@dui.net'),(198,'Aline','Haynes','non@cursus.com'),(983,'Serena','Fitzpatrick','massa@lectus.ca'),(896,'Judith','Maldonado','magna@IntegerurnaVivamus.com');
INSERT INTO `reservations` (`screening_id`,`name`,`surname`,`email`) VALUES (961,'Reagan','Avila','eros.nec.tellus@pedesagittisaugue.co.uk'),(716,'Sade','Alston','dui@eget.org'),(195,'Debra','Hicks','vel.faucibus@In.com'),(256,'Harper','Rosa','dolor.quam@pede.com'),(451,'Lani','Hernandez','mollis@lacusUtnec.edu'),(473,'Michael','Davis','et@orci.co.uk'),(804,'Kitra','Higgins','mollis.Phasellus.libero@dolorquam.com'),(162,'Miranda','Mcintosh','rutrum.magna.Cras@nectempus.com'),(76,'Summer','Simmons','convallis@egestasAliquamnec.com'),(697,'Jescie','Holmes','tincidunt.Donec.vitae@elitpretium.net');
INSERT INTO `reservations` (`screening_id`,`name`,`surname`,`email`) VALUES (835,'Whitney','Sargent','elit.pharetra.ut@Morbi.co.uk'),(872,'Barclay','Dixon','enim@metusIn.com'),(90,'Jena','Middleton','vitae@Integereulacus.org'),(400,'Jordan','Quinn','augue@torquent.ca'),(364,'Gannon','Knight','Quisque.ac.libero@nonquam.ca'),(940,'Carolyn','Guerrero','ipsum@hendreritaarcu.edu'),(316,'Delilah','Cameron','Maecenas.libero.est@pedeCumsociis.edu'),(247,'Plato','Vazquez','nec.tempus.mauris@velturpis.ca'),(495,'Uriel','Gregory','accumsan.laoreet.ipsum@varius.net'),(734,'Mallory','Oconnor','nonummy.ut.molestie@elementum.ca');
INSERT INTO `reservations` (`screening_id`,`name`,`surname`,`email`) VALUES (373,'Fuller','Bernard','mauris@DonecegestasAliquam.edu'),(359,'Veronica','Tanner','dignissim.lacus.Aliquam@cursus.co.uk'),(443,'Brooke','Knowles','semper@vulputateeu.org'),(519,'Sandra','Eaton','Integer.id@odiotristique.org'),(849,'Jacob','Huber','Sed.nec@Phasellusfermentumconvallis.edu'),(179,'Elton','Chang','consectetuer@neque.net'),(727,'Kirby','Townsend','Phasellus.at@Aliquamultrices.co.uk'),(663,'Shelley','White','leo.elementum.sem@risusDuisa.ca'),(419,'Ariel','Barnett','nascetur.ridiculus@Proin.org'),(988,'Tatiana','Fry','amet.nulla.Donec@augueeutellus.edu');
INSERT INTO `reservations` (`screening_id`,`name`,`surname`,`email`) VALUES (400,'Bernard','Norton','in@tinciduntDonec.com'),(244,'Winter','Hahn','cursus@orciadipiscing.edu'),(829,'Urielle','Kline','tincidunt.pede.ac@ultricessitamet.net'),(889,'Piper','Kinney','cubilia.Curae.Donec@malesuada.edu'),(129,'Lamar','Bray','Nunc.ullamcorper.velit@urnaUttincidunt.net'),(34,'Owen','Wilkerson','laoreet.libero@ipsum.co.uk'),(249,'Addison','Mcpherson','dictum.cursus.Nunc@nullaIntegervulputate.org'),(600,'Bianca','Delacruz','pede@vitaemauris.edu'),(713,'Stewart','Glenn','dui@Quisquetincidunt.edu'),(180,'Kiara','Casey','eu.nulla@temporaugue.org');
INSERT INTO `reservations` (`screening_id`,`name`,`surname`,`email`) VALUES (937,'Bruce','Lane','Sed.eget.lacus@neceuismodin.edu'),(355,'Porter','Goodman','tortor@laciniaorci.org'),(889,'Aidan','Hardy','ac.ipsum@adipiscingligulaAenean.com'),(130,'Kenneth','Kirk','amet.ornare.lectus@eleifend.com'),(125,'Kareem','Ochoa','bibendum@lacus.co.uk'),(556,'Declan','Hooper','molestie.Sed.id@velpede.net'),(77,'Whilemina','Curtis','vitae@vitae.co.uk'),(166,'Ursa','Lewis','quis.turpis.vitae@tellusPhaselluselit.org'),(391,'Norman','Watts','in@et.org'),(915,'Palmer','Lott','amet@sagittislobortis.net');
INSERT INTO `reservations` (`screening_id`,`name`,`surname`,`email`) VALUES (121,'Daquan','Moon','tellus.non@pellentesque.ca'),(125,'Louis','Floyd','Quisque@in.org'),(78,'Beatrice','Robbins','euismod.mauris.eu@odio.com'),(649,'Cadman','Morin','mi.pede.nonummy@consectetuerrhoncusNullam.ca'),(801,'Ebony','Holder','sagittis@dapibusgravida.co.uk'),(446,'Sophia','Fulton','Donec.consectetuer@ipsumcursus.net'),(135,'Fatima','Tyson','natoque.penatibus.et@dui.edu'),(173,'Aurelia','Brown','amet.orci@eratinconsectetuer.co.uk'),(649,'Herman','Mills','vehicula.risus.Nulla@nonegestas.co.uk'),(355,'Lilah','Knapp','cursus.et.eros@luctusvulputate.co.uk');
INSERT INTO `reservations` (`screening_id`,`name`,`surname`,`email`) VALUES (373,'Eaton','Henson','ultrices.iaculis@loremipsum.org'),(600,'Nero','Boone','Aliquam.erat@Etiamimperdiet.com'),(956,'Elijah','Gilmore','dui.Suspendisse.ac@lacusQuisquepurus.co.uk'),(748,'Darrel','Hodges','pretium.neque@metusvitae.co.uk'),(328,'Connor','Mejia','molestie.tortor@eu.ca'),(531,'Rooney','Spears','torquent.per.conubia@auctor.com'),(478,'Selma','Mayo','Morbi.non.sapien@scelerisquedui.net'),(991,'Judith','Stuart','orci.luctus@arcuVivamussit.co.uk'),(400,'Vladimir','Sweeney','tristique.ac.eleifend@ategestas.net'),(237,'Whitney','Page','Nullam@tristique.com');
INSERT INTO `reservations` (`screening_id`,`name`,`surname`,`email`) VALUES (658,'Berk','Dudley','consequat.lectus.sit@sempertellusid.edu'),(246,'Xena','Vargas','enim@parturient.net'),(71,'Hiroko','Richards','feugiat.tellus.lorem@famesac.net'),(551,'Logan','Wood','Fusce@tortornibhsit.co.uk'),(881,'Aurelia','Navarro','quis@Donecnon.edu'),(542,'Drew','Lindsay','scelerisque.dui@Nulla.org'),(353,'Rudyard','Pacheco','commodo@euismod.com'),(739,'Hayfa','Sanders','lectus@tellus.edu'),(840,'Owen','Herrera','sit.amet@sedtortor.net'),(678,'Adara','Porter','risus.Donec.egestas@pharetra.com');
INSERT INTO `reservations` (`screening_id`,`name`,`surname`,`email`) VALUES (950,'Shay','Barron','est@fringillaestMauris.org'),(142,'Denton','Holman','lectus@consectetuermauris.org'),(72,'Suki','Edwards','Nunc.sed.orci@non.edu'),(927,'Geoffrey','Gentry','Etiam@enimmitempor.org'),(60,'Kerry','Daugherty','molestie@bibendumfermentummetus.co.uk'),(728,'Porter','Burris','condimentum@sit.ca'),(942,'Connor','Moody','sodales.elit@magna.org'),(19,'Camden','Murray','ante@per.net'),(268,'Abraham','Murphy','magna.tellus.faucibus@necdiam.ca'),(975,'Colt','Walker','fringilla.euismod.enim@Phasellus.org');
INSERT INTO `reservations` (`screening_id`,`name`,`surname`,`email`) VALUES (666,'Nolan','Salinas','natoque.penatibus@risusDonec.co.uk'),(321,'MacKenzie','Horne','arcu.et.pede@vitaedolor.edu'),(986,'Lionel','Padilla','varius.ultrices.mauris@erat.org'),(365,'Hayley','Lucas','facilisis@QuisquevariusNam.ca'),(580,'Baxter','Lynch','dapibus.ligula.Aliquam@Quisquenonummyipsum.org'),(949,'Laura','Ryan','semper.rutrum@neceuismod.com'),(697,'Debra','Bond','convallis.in.cursus@idante.net'),(280,'Uta','Francis','ornare.elit@nascetur.co.uk'),(200,'Fallon','Rosales','senectus@lobortisquam.co.uk'),(556,'Thomas','Keith','dapibus.id.blandit@laoreetposuereenim.edu');
INSERT INTO `reservations` (`screening_id`,`name`,`surname`,`email`) VALUES (521,'Brody','Holman','rutrum.Fusce@tempor.edu'),(897,'Desirae','Frost','quis@Curae.ca'),(161,'Cathleen','Norman','sapien.cursus.in@Curabiturutodio.edu'),(763,'Kyla','Farrell','arcu.ac@malesuadafringillaest.com'),(675,'Kadeem','Ryan','dui@fringilla.org'),(121,'Jillian','Osborn','Cras.convallis@diamluctus.edu'),(147,'Shafira','Franks','lorem.lorem@auctorMauris.edu'),(358,'Merrill','Davis','In.mi@Ut.org'),(5,'Cally','Barron','dignissim.tempor@purus.net'),(217,'Seth','Vega','elit@uterosnon.ca');
INSERT INTO `reservations` (`screening_id`,`name`,`surname`,`email`) VALUES (621,'Shea','Bridges','id@aptent.co.uk'),(743,'Mara','Glover','orci.consectetuer@non.org'),(195,'Craig','Maddox','Suspendisse.ac.metus@dapibus.co.uk'),(169,'Beck','Long','nisi.magna.sed@mattisvelit.net'),(116,'Mechelle','Best','lorem.luctus.ut@sedduiFusce.edu'),(871,'Quinlan','Rich','In.tincidunt.congue@ornarelectusjusto.edu'),(23,'Hadley','Newman','amet@Nam.co.uk'),(284,'Reese','Browning','ut.quam.vel@condimentum.com'),(651,'Leo','Justice','risus@dolor.com'),(967,'Slade','Ryan','quam.quis.diam@pedenonummy.co.uk');
INSERT INTO `reservations` (`screening_id`,`name`,`surname`,`email`) VALUES (845,'Rajah','Marshall','amet.ornare@felisNullatempor.org'),(304,'Dacey','Hodge','a@vitaerisusDuis.org'),(697,'Mari','Key','Integer.vitae@nec.ca'),(612,'Giselle','Clark','Morbi@tellusNunclectus.org'),(828,'Damon','Haley','sed@arcuVestibulumante.co.uk'),(601,'Upton','Whitley','penatibus@Loremipsumdolor.com'),(125,'Belle','Stephenson','pellentesque.a@Fuscealiquetmagna.com'),(396,'Dale','Walls','lectus.justo@perconubianostra.com'),(649,'Grace','Ingram','eu.tellus.eu@dolorsit.edu'),(887,'Riley','Ferguson','ut@ipsumSuspendissesagittis.net');
INSERT INTO `reservations` (`screening_id`,`name`,`surname`,`email`) VALUES (920,'Brady','Lewis','Duis.mi@molestiesodales.com'),(134,'Aubrey','Browning','ac.turpis@nonummyutmolestie.co.uk'),(171,'Travis','Carroll','velit.eu.sem@Ut.com'),(559,'Brianna','Mcpherson','lobortis.nisi.nibh@vel.co.uk'),(904,'Wyatt','Wise','accumsan.laoreet@eratVivamus.com'),(51,'Alden','Mills','malesuada.ut@lacinia.org'),(829,'Steven','Hurley','eleifend@Integerid.ca'),(985,'Jacqueline','Hubbard','faucibus@idblandit.co.uk'),(488,'Sheila','Newton','facilisi.Sed.neque@feliseget.edu'),(585,'Callie','Ward','convallis@etmagnisdis.net');
INSERT INTO `reservations` (`screening_id`,`name`,`surname`,`email`) VALUES (550,'Jasmine','Garner','neque.Sed.eget@egestasurna.edu'),(796,'Jarrod','Boyer','adipiscing.enim.mi@parturient.ca'),(89,'Erica','Curtis','ac.arcu.Nunc@orcisem.co.uk'),(797,'Devin','Sandoval','dui.Fusce.aliquam@quislectusNullam.edu'),(664,'Brynn','Jennings','enim.condimentum.eget@porta.com'),(342,'Evan','Riggs','vel.est@elit.ca'),(260,'Blaine','Howell','Sed.eu.eros@Fuscealiquetmagna.ca'),(896,'Yoshio','Aguilar','in@convalliserateget.edu'),(911,'Chester','Hampton','bibendum@aliquet.com'),(34,'Amir','Bowers','Fusce@leoCrasvehicula.ca');
INSERT INTO `reservations` (`screening_id`,`name`,`surname`,`email`) VALUES (927,'Wesley','Ayala','Duis.a@Sedpharetra.com'),(729,'Alyssa','Fisher','gravida.mauris@Aliquamerat.ca'),(577,'Bree','Blackburn','ac.nulla.In@id.com'),(614,'Whilemina','Shields','tristique.neque@ipsum.ca'),(647,'Linus','Rosario','accumsan.neque.et@ut.ca'),(100,'Desiree','Lucas','Duis.sit.amet@tinciduntpedeac.net'),(463,'Noah','Dominguez','eu@sedtortor.co.uk'),(385,'Willow','Cannon','mollis.Integer@est.ca'),(167,'Igor','Rivas','dui@risus.net'),(445,'Marsden','Sandoval','per.inceptos.hymenaeos@orciUt.ca');
INSERT INTO `reservations` (`screening_id`,`name`,`surname`,`email`) VALUES (627,'Ivana','Koch','id.nunc@sociosquadlitora.edu'),(156,'Eric','Kelly','Etiam@nuncsit.ca'),(359,'Audra','Snow','amet@lorem.co.uk'),(960,'Ila','Kane','enim.Sed@dui.net'),(465,'Devin','Chambers','lectus.pede@perconubia.org'),(155,'Charlotte','Johnston','Fusce.mi.lorem@consectetuer.ca'),(736,'Brenden','Rodriquez','mus.Proin@rutrum.org'),(244,'Joseph','Head','Sed@sit.co.uk'),(397,'Leilani','Bray','Mauris@natoquepenatibus.ca'),(811,'Megan','Key','Proin.velit@aceleifendvitae.ca');
INSERT INTO `reservations` (`screening_id`,`name`,`surname`,`email`) VALUES (500,'Carla','Fletcher','sem.semper.erat@iaculis.co.uk'),(262,'TaShya','Harrington','odio.semper.cursus@arcu.edu'),(976,'Camden','Alvarez','dolor@nibhsitamet.org'),(628,'Blossom','Parrish','urna@consectetuer.edu'),(314,'Alea','Key','purus.Maecenas.libero@Nunc.co.uk'),(166,'Candace','Craig','molestie.tortor.nibh@elitAliquam.com'),(752,'Nathan','Keith','ante@primis.org'),(533,'Aladdin','Hull','euismod@Aeneaneuismod.com'),(875,'Garrison','Hurst','vel.arcu.eu@fringillami.co.uk'),(815,'Talon','Butler','ornare.libero.at@purusNullamscelerisque.ca');
INSERT INTO `reservations` (`screening_id`,`name`,`surname`,`email`) VALUES (864,'Rinah','Lane','et.commodo.at@turpisNulla.net'),(294,'Octavia','Flynn','egestas.a.scelerisque@nulla.ca'),(885,'Madeline','Bauer','enim.diam@nisiMauris.net'),(462,'Branden','Stark','et.rutrum.non@luctusetultrices.edu'),(988,'Chanda','Walsh','et@cursusa.org'),(221,'Zenaida','Callahan','egestas.nunc.sed@magnaSuspendisse.edu'),(630,'Iona','Deleon','risus@fringillaporttitorvulputate.net'),(419,'Kendall','Wilkins','dolor@FuscemollisDuis.co.uk'),(508,'Ciaran','Hebert','sit@venenatisamagna.co.uk'),(923,'Yoko','Velez','neque@accumsan.net');

INSERT INTO `reservations_seats` (`reservation_id`,`seat_id`,`discount`) VALUES (116,326,'NONE'),(23,331,'STUDENT'),(83,1,'CHILD'),(183,110,'CHILD'),(184,5,'STUDENT'),(137,441,'SENIOR'),(186,394,'NONE'),(42,394,'NONE'),(35,57,'CHILD'),(148,142,'SENIOR');
INSERT INTO `reservations_seats` (`reservation_id`,`seat_id`,`discount`) VALUES (142,36,'SENIOR'),(152,311,'STUDENT'),(137,446,'SENIOR'),(25,29,'SENIOR'),(200,134,'NONE'),(68,423,'CHILD'),(29,308,'SENIOR'),(159,152,'NONE'),(53,394,'STUDENT'),(113,459,'NONE');
INSERT INTO `reservations_seats` (`reservation_id`,`seat_id`,`discount`) VALUES (33,79,'CHILD'),(125,462,'NONE'),(171,13,'STUDENT'),(150,397,'STUDENT'),(11,470,'NONE'),(40,381,'CHILD'),(200,79,'SENIOR'),(47,271,'NONE'),(192,288,'CHILD'),(90,277,'NONE');
INSERT INTO `reservations_seats` (`reservation_id`,`seat_id`,`discount`) VALUES (148,497,'NONE'),(10,490,'STUDENT'),(163,153,'STUDENT'),(104,40,'CHILD'),(78,178,'NONE'),(67,290,'SENIOR'),(20,274,'SENIOR'),(35,441,'NONE'),(60,496,'NONE'),(26,248,'NONE');
INSERT INTO `reservations_seats` (`reservation_id`,`seat_id`,`discount`) VALUES (182,243,'SENIOR'),(190,372,'CHILD'),(144,179,'SENIOR'),(54,356,'NONE'),(124,344,'NONE'),(85,130,'CHILD'),(60,177,'STUDENT'),(25,346,'CHILD'),(67,59,'NONE'),(140,157,'CHILD');
INSERT INTO `reservations_seats` (`reservation_id`,`seat_id`,`discount`) VALUES (43,373,'CHILD'),(73,320,'SENIOR'),(34,20,'SENIOR'),(173,438,'STUDENT'),(148,384,'SENIOR'),(76,232,'SENIOR'),(101,199,'NONE'),(176,359,'STUDENT'),(103,146,'NONE'),(49,251,'NONE');
INSERT INTO `reservations_seats` (`reservation_id`,`seat_id`,`discount`) VALUES (119,336,'CHILD'),(17,153,'STUDENT'),(192,66,'CHILD'),(139,347,'SENIOR'),(12,71,'SENIOR'),(126,313,'SENIOR'),(124,66,'STUDENT'),(6,67,'STUDENT'),(117,158,'STUDENT'),(89,58,'CHILD');
INSERT INTO `reservations_seats` (`reservation_id`,`seat_id`,`discount`) VALUES (29,294,'NONE'),(18,345,'NONE'),(129,500,'CHILD'),(110,64,'CHILD'),(101,56,'CHILD'),(168,401,'SENIOR'),(74,102,'STUDENT'),(135,311,'STUDENT'),(79,310,'CHILD'),(13,358,'NONE');
INSERT INTO `reservations_seats` (`reservation_id`,`seat_id`,`discount`) VALUES (180,459,'STUDENT'),(100,400,'NONE'),(103,491,'SENIOR'),(41,266,'STUDENT'),(2,16,'NONE'),(58,113,'CHILD'),(11,396,'STUDENT'),(110,354,'NONE'),(66,342,'NONE'),(137,237,'STUDENT');
INSERT INTO `reservations_seats` (`reservation_id`,`seat_id`,`discount`) VALUES (191,476,'STUDENT'),(193,343,'CHILD'),(136,94,'NONE'),(23,454,'NONE'),(129,340,'NONE'),(39,129,'CHILD'),(29,457,'STUDENT'),(110,486,'CHILD'),(39,394,'NONE'),(8,442,'NONE');
INSERT INTO `reservations_seats` (`reservation_id`,`seat_id`,`discount`) VALUES (98,381,'NONE'),(20,198,'STUDENT'),(171,1,'NONE'),(19,204,'SENIOR'),(7,465,'SENIOR'),(107,122,'STUDENT'),(26,176,'STUDENT'),(196,279,'SENIOR'),(118,126,'CHILD'),(168,365,'SENIOR');
INSERT INTO `reservations_seats` (`reservation_id`,`seat_id`,`discount`) VALUES (51,425,'NONE'),(26,482,'NONE'),(98,160,'SENIOR'),(44,177,'NONE'),(171,395,'SENIOR'),(3,489,'SENIOR'),(152,230,'SENIOR'),(118,101,'CHILD'),(86,283,'NONE'),(200,325,'STUDENT');
INSERT INTO `reservations_seats` (`reservation_id`,`seat_id`,`discount`) VALUES (57,59,'NONE'),(19,166,'SENIOR'),(170,448,'CHILD'),(198,108,'NONE'),(40,276,'CHILD'),(129,195,'STUDENT'),(173,107,'CHILD'),(150,65,'CHILD'),(155,145,'STUDENT'),(118,306,'STUDENT');
INSERT INTO `reservations_seats` (`reservation_id`,`seat_id`,`discount`) VALUES (194,394,'SENIOR'),(198,174,'NONE'),(103,220,'STUDENT'),(139,300,'STUDENT'),(179,422,'NONE'),(71,46,'CHILD'),(112,234,'STUDENT'),(146,496,'NONE'),(53,63,'SENIOR'),(45,67,'NONE');
INSERT INTO `reservations_seats` (`reservation_id`,`seat_id`,`discount`) VALUES (51,180,'NONE'),(41,263,'NONE'),(15,294,'CHILD'),(176,496,'NONE'),(6,224,'SENIOR'),(71,490,'CHILD'),(58,111,'SENIOR'),(63,219,'NONE'),(43,92,'NONE'),(119,199,'STUDENT');
INSERT INTO `reservations_seats` (`reservation_id`,`seat_id`,`discount`) VALUES (167,154,'STUDENT'),(14,477,'SENIOR'),(187,140,'NONE'),(43,405,'NONE'),(65,351,'SENIOR'),(131,183,'CHILD'),(86,154,'CHILD'),(107,327,'SENIOR'),(84,298,'SENIOR'),(8,186,'STUDENT');
INSERT INTO `reservations_seats` (`reservation_id`,`seat_id`,`discount`) VALUES (22,449,'SENIOR'),(131,195,'SENIOR'),(41,30,'SENIOR'),(131,426,'CHILD'),(191,302,'SENIOR'),(120,234,'STUDENT'),(97,6,'NONE'),(14,336,'STUDENT'),(132,281,'NONE'),(157,276,'NONE');
INSERT INTO `reservations_seats` (`reservation_id`,`seat_id`,`discount`) VALUES (161,69,'NONE'),(143,383,'SENIOR'),(62,339,'CHILD'),(97,131,'NONE'),(87,367,'STUDENT'),(159,174,'NONE'),(17,435,'NONE'),(41,211,'SENIOR'),(128,432,'STUDENT'),(140,251,'CHILD');
INSERT INTO `reservations_seats` (`reservation_id`,`seat_id`,`discount`) VALUES (138,237,'SENIOR'),(36,418,'CHILD'),(162,149,'STUDENT'),(14,72,'CHILD'),(185,326,'CHILD'),(156,33,'NONE'),(112,276,'NONE'),(115,171,'SENIOR'),(200,331,'NONE'),(195,30,'SENIOR');
INSERT INTO `reservations_seats` (`reservation_id`,`seat_id`,`discount`) VALUES (78,337,'CHILD'),(40,126,'STUDENT'),(13,353,'SENIOR'),(68,147,'NONE'),(133,102,'SENIOR'),(176,109,'STUDENT'),(177,357,'CHILD'),(123,147,'NONE'),(10,270,'CHILD'),(18,330,'NONE');
INSERT INTO `reservations_seats` (`reservation_id`,`seat_id`,`discount`) VALUES (53,315,'NONE'),(106,489,'STUDENT'),(3,368,'NONE'),(23,475,'CHILD'),(200,377,'CHILD'),(25,140,'CHILD'),(42,107,'CHILD'),(144,231,'NONE'),(2,347,'NONE'),(12,103,'CHILD');
INSERT INTO `reservations_seats` (`reservation_id`,`seat_id`,`discount`) VALUES (190,322,'STUDENT'),(118,128,'CHILD'),(105,267,'CHILD'),(168,197,'SENIOR'),(190,120,'STUDENT'),(192,99,'NONE'),(65,274,'SENIOR'),(89,281,'SENIOR'),(100,86,'SENIOR'),(58,105,'STUDENT');
INSERT INTO `reservations_seats` (`reservation_id`,`seat_id`,`discount`) VALUES (18,337,'SENIOR'),(75,327,'NONE'),(131,113,'CHILD'),(14,460,'STUDENT'),(20,98,'CHILD'),(189,314,'NONE'),(122,265,'SENIOR'),(67,106,'SENIOR'),(112,444,'SENIOR'),(20,74,'SENIOR');
INSERT INTO `reservations_seats` (`reservation_id`,`seat_id`,`discount`) VALUES (72,484,'STUDENT'),(12,467,'STUDENT'),(32,352,'CHILD'),(198,354,'SENIOR'),(21,284,'NONE'),(119,159,'NONE'),(74,355,'SENIOR'),(23,164,'SENIOR'),(96,457,'NONE'),(157,228,'NONE');
INSERT INTO `reservations_seats` (`reservation_id`,`seat_id`,`discount`) VALUES (72,248,'NONE'),(172,449,'CHILD'),(46,236,'STUDENT'),(51,254,'SENIOR'),(197,108,'CHILD'),(100,301,'STUDENT'),(145,196,'STUDENT'),(56,206,'CHILD'),(96,8,'NONE'),(54,425,'CHILD');
INSERT INTO `reservations_seats` (`reservation_id`,`seat_id`,`discount`) VALUES (4,90,'NONE'),(154,350,'SENIOR'),(5,220,'STUDENT'),(8,397,'CHILD'),(87,475,'SENIOR'),(103,460,'SENIOR'),(174,457,'CHILD'),(90,53,'SENIOR'),(15,335,'NONE'),(125,133,'STUDENT');
INSERT INTO `reservations_seats` (`reservation_id`,`seat_id`,`discount`) VALUES (186,65,'SENIOR'),(10,494,'CHILD'),(2,18,'CHILD'),(119,210,'CHILD'),(63,111,'CHILD'),(63,103,'SENIOR'),(75,488,'CHILD'),(93,275,'CHILD'),(116,318,'STUDENT'),(15,4,'SENIOR');
INSERT INTO `reservations_seats` (`reservation_id`,`seat_id`,`discount`) VALUES (9,47,'STUDENT'),(82,347,'SENIOR'),(161,429,'CHILD'),(82,484,'STUDENT'),(197,89,'CHILD'),(156,381,'NONE'),(72,417,'NONE'),(143,159,'SENIOR'),(5,418,'CHILD'),(99,313,'NONE');
INSERT INTO `reservations_seats` (`reservation_id`,`seat_id`,`discount`) VALUES (190,195,'STUDENT'),(132,452,'STUDENT'),(40,237,'STUDENT'),(40,303,'CHILD'),(19,276,'CHILD'),(120,49,'STUDENT'),(7,257,'NONE'),(119,198,'CHILD'),(98,134,'NONE'),(158,3,'CHILD');
INSERT INTO `reservations_seats` (`reservation_id`,`seat_id`,`discount`) VALUES (104,453,'STUDENT'),(153,8,'CHILD'),(24,339,'NONE'),(113,237,'CHILD'),(133,132,'CHILD'),(18,30,'SENIOR'),(45,178,'CHILD'),(17,54,'CHILD'),(5,205,'NONE'),(144,270,'STUDENT');
INSERT INTO `reservations_seats` (`reservation_id`,`seat_id`,`discount`) VALUES (74,38,'SENIOR'),(120,295,'STUDENT'),(117,39,'CHILD'),(124,160,'NONE'),(125,110,'CHILD'),(48,291,'CHILD'),(89,473,'CHILD'),(98,345,'SENIOR'),(74,494,'NONE'),(121,191,'CHILD');
INSERT INTO `reservations_seats` (`reservation_id`,`seat_id`,`discount`) VALUES (189,159,'SENIOR'),(20,440,'CHILD'),(39,379,'SENIOR'),(150,307,'SENIOR'),(143,166,'STUDENT'),(96,178,'NONE'),(186,216,'NONE'),(56,402,'CHILD'),(70,42,'CHILD'),(78,478,'NONE');
INSERT INTO `reservations_seats` (`reservation_id`,`seat_id`,`discount`) VALUES (117,288,'CHILD'),(22,374,'NONE'),(121,143,'STUDENT'),(75,47,'CHILD'),(199,370,'STUDENT'),(183,298,'CHILD'),(169,209,'SENIOR'),(61,417,'NONE'),(162,128,'NONE'),(181,492,'CHILD');
INSERT INTO `reservations_seats` (`reservation_id`,`seat_id`,`discount`) VALUES (130,308,'CHILD'),(74,57,'STUDENT'),(29,124,'STUDENT'),(60,29,'NONE'),(35,216,'NONE'),(157,216,'NONE'),(151,374,'STUDENT'),(105,74,'SENIOR'),(33,72,'SENIOR'),(40,434,'STUDENT');
INSERT INTO `reservations_seats` (`reservation_id`,`seat_id`,`discount`) VALUES (122,384,'SENIOR'),(52,424,'NONE'),(173,349,'CHILD'),(200,192,'STUDENT'),(59,235,'CHILD'),(40,164,'CHILD'),(23,281,'STUDENT'),(172,211,'NONE'),(99,243,'SENIOR'),(135,348,'SENIOR');
INSERT INTO `reservations_seats` (`reservation_id`,`seat_id`,`discount`) VALUES (151,17,'CHILD'),(43,178,'CHILD'),(14,339,'NONE'),(45,354,'SENIOR'),(112,153,'STUDENT'),(112,480,'STUDENT'),(20,309,'STUDENT'),(112,162,'NONE'),(149,486,'SENIOR'),(65,417,'SENIOR');
INSERT INTO `reservations_seats` (`reservation_id`,`seat_id`,`discount`) VALUES (3,217,'SENIOR'),(180,250,'SENIOR'),(21,467,'NONE'),(24,418,'SENIOR'),(133,122,'CHILD'),(154,270,'STUDENT'),(77,330,'CHILD'),(152,35,'CHILD'),(46,116,'STUDENT'),(102,76,'STUDENT');
INSERT INTO `reservations_seats` (`reservation_id`,`seat_id`,`discount`) VALUES (147,309,'CHILD'),(118,408,'STUDENT'),(49,406,'SENIOR'),(71,44,'SENIOR'),(85,333,'NONE'),(114,187,'NONE'),(137,151,'CHILD'),(33,298,'SENIOR'),(181,291,'NONE'),(52,199,'SENIOR');
INSERT INTO `reservations_seats` (`reservation_id`,`seat_id`,`discount`) VALUES (191,129,'NONE'),(124,233,'NONE'),(107,270,'CHILD'),(9,155,'CHILD'),(96,296,'NONE'),(80,176,'STUDENT'),(30,344,'CHILD'),(167,165,'STUDENT'),(99,20,'STUDENT'),(26,305,'STUDENT');
INSERT INTO `reservations_seats` (`reservation_id`,`seat_id`,`discount`) VALUES (169,197,'STUDENT'),(11,366,'NONE'),(41,276,'NONE'),(147,10,'CHILD'),(83,328,'STUDENT'),(58,301,'STUDENT'),(8,217,'NONE'),(175,95,'STUDENT'),(183,340,'CHILD'),(63,13,'NONE');
INSERT INTO `reservations_seats` (`reservation_id`,`seat_id`,`discount`) VALUES (127,62,'STUDENT'),(124,50,'SENIOR'),(101,121,'CHILD'),(150,437,'CHILD'),(76,474,'SENIOR'),(3,402,'SENIOR'),(1,379,'STUDENT'),(110,119,'STUDENT'),(62,107,'STUDENT'),(174,65,'SENIOR');
INSERT INTO `reservations_seats` (`reservation_id`,`seat_id`,`discount`) VALUES (98,421,'NONE'),(38,434,'NONE'),(157,60,'STUDENT'),(38,241,'STUDENT'),(165,16,'STUDENT'),(112,131,'SENIOR'),(120,210,'SENIOR'),(15,241,'SENIOR'),(198,78,'SENIOR'),(122,324,'STUDENT');
INSERT INTO `reservations_seats` (`reservation_id`,`seat_id`,`discount`) VALUES (100,366,'NONE'),(146,271,'NONE'),(27,243,'NONE'),(69,273,'SENIOR'),(178,274,'STUDENT'),(182,287,'SENIOR'),(36,444,'STUDENT'),(48,169,'CHILD'),(86,103,'STUDENT'),(111,82,'NONE');
INSERT INTO `reservations_seats` (`reservation_id`,`seat_id`,`discount`) VALUES (111,250,'STUDENT'),(66,175,'SENIOR'),(107,102,'CHILD'),(193,395,'STUDENT'),(200,148,'STUDENT'),(47,112,'NONE'),(103,375,'SENIOR'),(150,26,'CHILD'),(121,166,'STUDENT'),(3,275,'CHILD');
INSERT INTO `reservations_seats` (`reservation_id`,`seat_id`,`discount`) VALUES (150,453,'STUDENT'),(145,260,'SENIOR'),(127,268,'NONE'),(138,33,'NONE'),(4,13,'SENIOR'),(128,275,'STUDENT'),(64,248,'CHILD'),(69,117,'NONE'),(148,166,'CHILD'),(3,46,'NONE');
INSERT INTO `reservations_seats` (`reservation_id`,`seat_id`,`discount`) VALUES (178,350,'CHILD'),(95,195,'SENIOR'),(38,339,'CHILD'),(71,97,'STUDENT'),(72,45,'STUDENT'),(179,236,'CHILD'),(150,208,'NONE'),(89,482,'STUDENT'),(82,403,'SENIOR'),(74,413,'NONE');
INSERT INTO `reservations_seats` (`reservation_id`,`seat_id`,`discount`) VALUES (52,460,'STUDENT'),(61,94,'STUDENT'),(191,270,'SENIOR'),(96,377,'STUDENT'),(192,473,'SENIOR'),(10,224,'STUDENT'),(185,283,'CHILD'),(71,229,'CHILD'),(187,340,'NONE'),(127,365,'NONE');
INSERT INTO `reservations_seats` (`reservation_id`,`seat_id`,`discount`) VALUES (121,182,'SENIOR'),(174,377,'CHILD'),(193,386,'NONE'),(129,63,'NONE'),(146,199,'STUDENT'),(157,294,'CHILD'),(197,471,'SENIOR'),(130,1,'NONE'),(75,403,'CHILD'),(170,473,'CHILD');
INSERT INTO `reservations_seats` (`reservation_id`,`seat_id`,`discount`) VALUES (12,351,'SENIOR'),(92,330,'STUDENT'),(139,374,'SENIOR'),(112,402,'STUDENT'),(81,76,'SENIOR'),(42,379,'CHILD'),(184,451,'SENIOR'),(118,194,'SENIOR'),(159,3,'SENIOR'),(165,398,'NONE');
INSERT INTO `reservations_seats` (`reservation_id`,`seat_id`,`discount`) VALUES (45,167,'NONE'),(167,136,'NONE'),(89,117,'NONE'),(61,267,'CHILD'),(119,166,'STUDENT'),(61,64,'NONE'),(152,242,'NONE'),(144,481,'NONE'),(13,88,'STUDENT'),(11,496,'NONE');